stride_pct,RL | leg1_a angle (deg),RL | leg1_e angle (deg),RL | leg2_a angle (deg),RL | leg2_e angle (deg),RL | leg3_a angle (deg),RL | leg3_e angle (deg),RL | leg4_a angle (deg),RL | leg4_e angle (deg),RL | spine angle (deg),RL | IMU pitch (deg),RL | IMU roll (deg),RL | pitch rate (deg/s),RL | roll rate (deg/s),RL | yaw rate (deg/s),RL | leg1_a torque (N m),RL | leg1_e torque (N m),RL | leg2_a torque (N m),RL | leg2_e torque (N m),RL | leg3_a torque (N m),RL | leg3_e torque (N m),RL | leg4_a torque (N m),RL | leg4_e torque (N m),RL | spine torque (N m),Old CPG | leg1_a angle (deg),Old CPG | leg1_e angle (deg),Old CPG | leg2_a angle (deg),Old CPG | leg2_e angle (deg),Old CPG | leg3_a angle (deg),Old CPG | leg3_e angle (deg),Old CPG | leg4_a angle (deg),Old CPG | leg4_e angle (deg),Old CPG | spine angle (deg),Old CPG | IMU pitch (deg),Old CPG | IMU roll (deg),Old CPG | pitch rate (deg/s),Old CPG | roll rate (deg/s),Old CPG | yaw rate (deg/s),Old CPG | leg1_a torque (N m),Old CPG | leg1_e torque (N m),Old CPG | leg2_a torque (N m),Old CPG | leg2_e torque (N m),Old CPG | leg3_a torque (N m),Old CPG | leg3_e torque (N m),Old CPG | leg4_a torque (N m),Old CPG | leg4_e torque (N m),Old CPG | spine torque (N m),Final CPG | leg1_a angle (deg),Final CPG | leg1_e angle (deg),Final CPG | leg2_a angle (deg),Final CPG | leg2_e angle (deg),Final CPG | leg3_a angle (deg),Final CPG | leg3_e angle (deg),Final CPG | leg4_a angle (deg),Final CPG | leg4_e angle (deg),Final CPG | spine angle (deg),Final CPG | IMU pitch (deg),Final CPG | IMU roll (deg),Final CPG | pitch rate (deg/s),Final CPG | roll rate (deg/s),Final CPG | yaw rate (deg/s),Final CPG | leg1_a torque (N m),Final CPG | leg1_e torque (N m),Final CPG | leg2_a torque (N m),Final CPG | leg2_e torque (N m),Final CPG | leg3_a torque (N m),Final CPG | leg3_e torque (N m),Final CPG | leg4_a torque (N m),Final CPG | leg4_e torque (N m),Final CPG | spine torque (N m)
1.04167,50.84018,-1.58134,-33.08602,4.72045,-34.62211,28.40476,16.36223,-21.70781,1.41254,-2.42151,1.16582,-1.93095,-4.22878,-5.46978,0.0079,-0.00395,0.19979,-0.06546,-0.00737,0.0097,-0.16904,0.26483,-0.04548,48.66622,-8.81289,-31.05152,7.6006,-33.00246,32.66254,18.12791,-23.6446,0.7974,-1.56092,0.47225,1.70547,-20.48615,7.00673,0.01588,0.00425,0.21484,-0.12104,-0.01036,-0.0162,-0.2062,0.25704,-0.02672,51.37307,-2.28454,-33.1053,4.89206,-35.47282,29.76239,16.52823,-21.13954,1.53476,-2.49275,1.0951,-10.66916,-22.33176,-11.71773,0.01183,-0.00037,0.20992,-0.05778,-0.00978,0.02012,-0.19412,0.26938,-0.04456
3.125,51.10685,-3.57556,-33.05925,4.06504,-33.60732,30.85261,17.31671,-20.42962,1.22161,-2.4621,1.16021,-6.10086,-5.0504,-6.46993,0.00832,-0.00547,0.19526,-0.05502,-0.01092,0.00733,-0.14381,0.24217,-0.04606,48.68824,-10.33804,-30.9208,6.08521,-32.67906,35.07896,18.38712,-21.96186,0.83009,-1.55077,0.38118,2.37018,-19.55469,4.79168,0.01471,0.00213,0.19778,-0.10127,-0.00408,-0.0172,-0.18445,0.21799,-0.0225,51.72686,-4.81891,-33.01291,4.17603,-34.45414,32.24935,17.25701,-19.65743,1.30997,-2.55896,1.0247,-10.8504,-19.00607,-13.19801,0.01073,0.00455,0.20139,-0.04876,-0.01072,0.01805,-0.14992,0.22728,-0.04307
5.20833,51.09004,-5.87429,-33.10679,3.41901,-32.29037,33.22864,18.3715,-19.07117,1.01308,-2.51956,1.14886,-8.62385,-4.67345,-6.88221,0.0085,-0.00715,0.18719,-0.04624,-0.01342,0.00282,-0.11939,0.21567,-0.04518,48.585,-11.82921,-30.8438,4.56194,-32.19298,37.43954,18.70759,-20.18769,0.84983,-1.54292,0.2945,2.64906,-19.02392,3.94628,0.01046,0.00243,0.18173,-0.08402,0.00137,-0.02054,-0.16511,0.1908,-0.01929,51.80369,-7.5904,-33.00078,3.46847,-33.10661,34.72542,18.1195,-18.15897,1.06855,-2.62352,0.971,-10.26729,-14.41416,-12.91391,0.00794,0.00535,0.19066,-0.04237,-0.01008,0.00642,-0.11273,0.19174,-0.04102
7.29167,50.68919,-8.35277,-33.22884,2.78919,-30.76754,35.5086,19.45897,-17.66746,0.79431,-2.58585,1.13082,-10.11226,-4.40249,-6.76695,0.00913,-0.00887,0.17675,-0.03876,-0.01465,-0.00282,-0.10094,0.19048,-0.04296,48.34363,-13.26479,-30.85665,3.08147,-31.52358,39.67707,19.12357,-18.38256,0.86896,-1.54444,0.19653,1.7299,-20.38514,4.6452,0.00432,0.0052,0.1679,-0.06969,0.00361,-0.02382,-0.15011,0.17835,-0.01782,51.46734,-10.43607,-33.06767,2.79766,-31.52084,37.13232,19.08776,-16.69237,0.82296,-2.68739,0.92305,-10.23655,-11.06342,-11.49417,0.00544,0.00141,0.17812,-0.03638,-0.00901,-0.00969,-0.08926,0.1673,-0.0386
9.375,49.85534,-10.87479,-33.42066,2.19113,-29.14076,37.65348,20.52143,-16.26028,0.5717,-2.65461,1.10135,-10.85901,-5.08283,-6.2885,0.01061,-0.01008,0.1651,-0.03234,-0.01492,-0.00806,-0.09026,0.1692,-0.03952,47.94012,-14.6042,-30.97542,1.67513,-30.66091,41.69261,19.64448,-16.55525,0.89382,-1.56143,0.07141,-0.40546,-23.9012,6.59031,-0.00119,0.00848,0.15535,-0.05689,0.00155,-0.02369,-0.13788,0.17527,-0.01812,50.63677,-13.23842,-33.20074,2.19577,-29.79393,39.36927,20.10082,-15.27003,0.58188,-2.7516,0.86655,-10.61092,-10.29987,-9.70026,0.00509,-0.00508,0.16405,-0.03006,-0.00927,-0.02253,-0.07914,0.15197,-0.03572
11.45833,48.61811,-13.2999,-33.67494,1.64243,-27.50608,39.61313,21.51495,-14.89271,0.34984,-2.71985,1.05501,-10.75722,-6.97796,-5.66253,0.01282,-0.01008,0.15332,-0.02707,-0.01483,-0.01148,-0.08631,0.15204,-0.03504,47.3491,-15.79629,-31.2022,0.36455,-29.61474,43.38946,20.26035,-14.68796,0.92296,-1.59511,-0.08699,-3.14898,-28.48805,9.07341,-0.00346,0.00952,0.14263,-0.04406,-0.00393,-0.01828,-0.12536,0.17222,-0.01948,49.32773,-15.90452,-33.38949,1.67881,-28.02587,41.33708,21.08167,-13.89598,0.35009,-2.81218,0.79083,-10.22058,-12.09348,-8.12335,0.00762,-0.01021,0.14918,-0.02427,-0.01194,-0.02608,-0.07728,0.14044,-0.03218
13.54167,47.08369,-15.48303,-33.98305,1.15343,-25.94462,41.33206,22.41275,-13.6022,0.13176,-2.77565,0.98824,-9.52832,-9.89548,-5.07171,0.01514,-0.00845,0.14227,-0.02317,-0.01482,-0.01235,-0.08661,0.13793,-0.02985,46.55841,-16.79753,-31.53597,-0.82529,-28.41586,44.71054,20.95641,-12.78179,0.94843,-1.64097,-0.27063,-5.64729,-32.3415,11.20864,-0.00128,0.00667,0.12924,-0.03085,-0.01024,-0.00883,-0.11044,0.16141,-0.02079,47.65844,-18.32238,-33.63345,1.23386,-26.3157,42.97573,21.96586,-12.59016,0.12976,-2.8604,0.69226,-7.95996,-15.45109,-6.99661,0.01213,-0.01052,0.13485,-0.02036,-0.01635,-0.01956,-0.07783,0.12821,-0.02797
15.625,45.40375,-17.27511,-34.33502,0.72181,-24.51576,42.75188,23.20708,-12.41261,-0.08001,-2.81704,0.90065,-7.07164,-13.42868,-4.58321,0.01679,-0.00548,0.13259,-0.02078,-0.0148,-0.01095,-0.08889,0.12591,-0.02441,45.58006,-17.58911,-31.97967,-1.8589,-27.10767,45.65602,21.72642,-10.89292,0.95932,-1.69065,-0.46076,-7.15059,-33.97557,12.26019,0.00416,0.00071,0.11588,-0.01835,-0.01424,0.00051,-0.09329,0.14035,-0.02092,45.81405,-20.32838,-33.93939,0.82521,-24.75185,44.27095,22.72577,-11.39004,-0.07748,-2.88758,0.57337,-3.76823,-19.14131,-6.17376,0.01649,-0.00506,0.12268,-0.01893,-0.02008,-0.00787,-0.07746,0.11446,-0.02336
17.70833,43.72812,-18.53332,-34.72013,0.33497,-23.25192,43.80968,23.90906,-11.32888,-0.28219,-2.84146,0.79452,-3.68514,-17.17453,-4.11196,0.01723,-0.00223,0.12465,-0.01972,-0.01422,-0.00826,-0.09191,0.11585,-0.01923,44.44985,-18.18149,-32.53878,-2.69367,-25.73112,46.26868,22.57707,-9.13643,0.94653,-1.73461,-0.63751,-7.17114,-33.09398,11.92771,0.00976,-0.00541,0.10365,-0.0083,-0.01395,0.00501,-0.07618,0.11225,-0.01919,43.98414,-21.71418,-34.31205,0.4178,-23.39516,45.22584,23.37815,-10.32893,-0.2688,-2.89091,0.43951,1.15183,-22.32906,-5.25981,0.01865,0.00369,0.11391,-0.01928,-0.02021,0.00147,-0.07642,0.10199,-0.0189
19.79167,42.16141,-19.1447,-35.13007,-0.02115,-22.15487,44.43677,24.5467,-10.33884,-0.4702,-2.84941,0.67337,0.0001,-20.85118,-3.46028,0.01644,-0.00016,0.11857,-0.01955,-0.01248,-0.00536,-0.09536,0.10827,-0.01482,43.21393,-18.60221,-33.21435,-3.29101,-24.31035,46.59387,23.52214,-7.65572,0.90656,-1.76427,-0.79031,-5.46023,-30.78914,10.4504,0.01227,-0.0082,0.09293,-0.0019,-0.00981,0.00245,-0.06206,0.08335,-0.01562,42.30038,-22.27981,-34.74719,0.00355,-22.25965,45.81734,23.97345,-9.40852,-0.43966,-2.87589,0.29541,5.03247,-24.84054,-3.83185,0.01785,0.01092,0.10886,-0.01994,-0.01533,0.00303,-0.07702,0.09475,-0.01523
21.875,40.74167,-19.05714,-35.56501,-0.35289,-21.19514,44.5648,25.16177,-9.42481,-0.63868,-2.84356,0.54015,3.33973,-24.31499,-2.42923,0.01483,-0.00038,0.11406,-0.01975,-0.00951,-0.00277,-0.09903,0.1036,-0.01153,41.90879,-18.87266,-33.99691,-3.62787,-22.8476,46.63794,24.57125,-6.575,0.84307,-1.7725,-0.9232,-1.94261,-28.92384,8.46387,0.01035,-0.00586,0.08284,0.00103,-0.00472,-0.00498,-0.05285,0.0592,-0.01093,40.80214,-21.91185,-35.23424,-0.38832,-21.30157,45.96942,24.57521,-8.58982,-0.58473,-2.85302,0.14352,6.71896,-27.01694,-1.66684,0.01516,0.01184,0.10672,-0.01977,-0.00692,-0.0029,-0.08105,0.09458,-0.0129
23.95833,39.44832,-18.30477,-36.03997,-0.65593,-20.31707,44.14273,25.80609,-8.58221,-0.78303,-2.82637,0.39606,6.04797,-27.52159,-0.95584,0.01281,-0.00289,0.11045,-0.01998,-0.00595,-0.00028,-0.10209,0.10131,-0.00949,40.54636,-18.98771,-34.86751,-3.70148,-21.33211,46.35203,25.72067,-5.9619,0.76522,-1.75356,-1.05182,3.24647,-29.00824,6.66215,0.00574,0.00034,0.07175,0.00192,-0.0026,-0.01138,-0.0485,0.04198,-0.00626,39.44464,-20.64862,-35.76871,-0.70691,-20.42655,45.56733,25.24197,-7.81633,-0.7,-2.8305,-0.01546,6.56177,-29.32636,1.10261,0.01281,0.00445,0.10583,-0.01887,0.00091,-0.0102,-0.08774,0.09934,-0.01217
26.04167,38.23324,-17.01371,-36.5871,-0.92081,-19.451,43.16164,26.53665,-7.83793,-0.90124,-2.79767,0.24056,8.37238,-30.47198,0.79377,0.01027,-0.00627,0.10668,-0.02013,-0.0028,0.00258,-0.10294,0.09966,-0.00866,39.1149,-18.91155,-35.80626,-3.52472,-19.76077,45.65576,26.95094,-5.81938,0.68345,-1.70357,-1.19341,9.59265,-31.18522,5.42326,0.0025,0.00653,0.05859,0.00258,-0.00602,-0.01053,-0.04724,0.03033,-0.00261,38.14421,-18.69666,-36.36637,-0.91476,-19.51818,44.51359,26.01994,-7.06197,-0.78522,-2.80723,-0.18107,6.40283,-31.98431,3.96127,0.01263,-0.0089,0.1043,-0.01858,0.00343,-0.01067,-0.09365,0.10358,-0.01288
28.125,37.05868,-15.38092,-37.24997,-1.14326,-18.53179,41.67675,27.40877,-7.25917,-0.99495,-2.75367,0.07236,10.93083,-33.15537,2.43482,0.00625,-0.00793,0.10152,-0.02026,-0.0006,0.00559,-0.09978,0.09625,-0.00877,37.59835,-18.59515,-36.80293,-3.11562,-18.16125,44.4924,28.23153,-6.10819,0.60449,-1.62251,-1.35489,16.02841,-33.90783,4.5898,0.00449,0.00843,0.04398,0.00406,-0.01409,-0.00026,-0.04661,0.02124,-0.00047,36.83755,-16.38494,-37.0681,-1.02095,-18.48047,42.80015,26.94593,-6.37801,-0.84553,-2.77093,-0.35173,8.57158,-34.76848,6.13453,0.01437,-0.02202,0.10058,-0.0204,-0.00158,0.00032,-0.09447,0.10132,-0.0145
30.20833,35.92406,-13.63019,-38.06988,-1.33114,-17.51958,39.81431,28.46659,-6.9465,-1.06927,-2.68849,-0.10871,14.27136,-35.48164,3.49368,-0.00093,-0.00508,0.09388,-0.02036,0.00141,0.00708,-0.0916,0.08905,-0.00936,36.00614,-18.00834,-37.86163,-2.48811,-16.60535,42.88714,29.52815,-6.78318,0.52768,-1.51713,-1.52561,20.95723,-34.53985,3.53147,0.01246,0.00424,0.03041,0.00609,-0.02182,0.01472,-0.04474,0.01266,0.00049,35.52603,-14.07249,-37.92814,-1.08838,-17.27844,40.55693,28.0525,-5.90826,-0.89139,-2.70341,-0.52438,14.41821,-37.06964,6.83865,0.01506,-0.02732,0.09387,-0.02472,-0.01166,0.01955,-0.08746,0.08934,-0.01613
32.29167,34.87022,-11.95995,-39.06872,-1.50086,-16.41622,37.75506,29.73187,-7.01139,-1.13087,-2.59784,-0.30008,18.39291,-37.20863,3.61285,-0.013,0.00412,0.08323,-0.02021,0.00558,0.0037,-0.07883,0.07731,-0.00985,34.39752,-17.16978,-38.99422,-1.64971,-15.20328,40.97486,30.80763,-7.81997,0.44452,-1.40276,-1.67881,22.61128,-30.61889,1.4792,0.02227,-0.00355,0.02111,0.00739,-0.02158,0.02347,-0.04094,0.00487,0.0013,34.28424,-12.04766,-38.98854,-1.20413,-15.95898,38.04521,29.36626,-5.85655,-0.93613,-2.59075,-0.6948,23.232,-38.09586,5.58795,0.00984,-0.01918,0.08414,-0.03002,-0.01957,0.03575,-0.07312,0.06893,-0.01671
34.375,33.96184,-10.50153,-40.23565,-1.66197,-15.27109,35.69616,31.19373,-7.54548,-1.18521,-2.48314,-0.49536,22.51099,-37.90341,2.74279,-0.03099,0.01966,0.06986,-0.01938,0.01519,-0.00862,-0.06337,0.06195,-0.00949,32.88517,-16.15745,-40.20454,-0.60731,-14.07789,38.97711,32.03796,-9.21638,0.34191,-1.30214,-1.78162,19.68651,-21.15624,-2.0227,0.02574,-0.00854,0.01817,0.00668,-0.00625,0.01321,-0.03547,1e-05,0.00319,33.23011,-10.45981,-40.25188,-1.42307,-14.64151,35.59033,30.89541,-6.41508,-0.9917,-2.43322,-0.85786,32.22133,-37.10747,2.45388,-0.00589,0.00349,0.07192,-0.03337,-0.01594,0.03414,-0.05495,0.04529,-0.0152
36.45833,33.25841,-9.30219,-41.52494,-1.79646,-14.17298,33.80368,32.80297,-8.59313,-1.2338,-2.35398,-0.68475,25.23569,-36.99677,1.22652,-0.05453,0.0394,0.05487,-0.01744,0.03301,-0.03308,-0.04782,0.04509,-0.00757,31.61139,-15.09082,-41.47169,0.62348,-13.32755,37.13344,33.18534,-10.97035,0.20808,-1.24024,-1.80875,11.99592,-7.30654,-6.77338,0.01388,-0.00312,0.02105,0.00368,0.02738,-0.02444,-0.02885,0.00018,0.00708,32.47258,-9.30789,-41.66759,-1.71356,-13.4807,33.47921,32.61167,-7.68563,-1.06385,-2.24932,-1.0072,37.65555,-33.60339,-1.83445,-0.03409,0.03643,0.0581,-0.03196,0.0064,0.00358,-0.03758,0.02467,-0.01085
38.54167,32.78875,-8.33648,-42.86678,-1.84434,-13.22964,32.17337,34.47404,-10.13766,-1.27255,-2.22727,-0.85665,25.11034,-33.96575,-0.27599,-0.08175,0.05972,0.03989,-0.01417,0.05965,-0.07025,-0.03436,0.02907,-0.00353,30.70409,-14.0904,-42.74316,2.01241,-12.99275,35.61678,34.21275,-13.05125,0.03866,-1.23647,-1.75355,0.79627,7.95033,-11.86883,-0.01871,0.01776,0.02642,-0.00056,0.07648,-0.08843,-0.02131,0.00544,0.01307,32.0628,-8.48302,-43.14178,-1.9372,-12.61604,31.86748,34.43755,-9.63161,-1.14833,-2.07129,-1.13476,36.61286,-27.45016,-6.01983,-0.07257,0.07165,0.04366,-0.02481,0.04846,-0.05719,-0.02441,0.01119,-0.00347
40.625,32.54057,-7.53747,-44.18729,-1.70579,-12.54131,30.81442,36.09524,-12.10585,-1.29201,-2.12327,-1.00043,21.26003,-28.6076,-1.00664,-0.10972,0.07668,0.02659,-0.00979,0.09258,-0.11705,-0.02397,0.01554,0.00283,30.23077,-13.23224,-43.94366,3.51671,-13.04102,34.47204,35.08356,-15.38575,-0.15959,-1.29757,-1.63098,-11.45076,20.97776,-16.00157,-0.0705,0.0536,0.02956,-0.00419,0.13245,-0.1672,-0.0127,0.01333,0.0203,31.97181,-7.83837,-44.5679,-1.87963,-12.12914,30.73759,36.24906,-12.0857,-1.22996,-1.93393,-1.23112,28.42044,-18.97788,-8.66932,-0.11533,0.10047,0.02969,-0.01363,0.1035,-0.13761,-0.01615,0.00503,0.00644
42.70833,32.4679,-6.8327,-45.42837,-1.26268,-12.17682,29.66162,37.54485,-14.38821,-1.27952,-2.05997,-1.10924,13.83023,-21.28808,-0.38777,-0.1354,0.08729,0.01615,-0.00484,0.12639,-0.1671,-0.01632,0.00502,0.01117,30.17173,-12.51883,-44.99744,5.09075,-13.37737,33.60704,35.76994,-17.86992,-0.36942,-1.41444,-1.47159,-21.86247,28.94303,-17.98561,-0.13257,0.09782,0.02672,-0.00567,0.18376,-0.24245,-0.00314,0.02005,0.02719,32.1035,-7.25226,-45.86386,-1.32325,-12.02569,29.92501,37.89633,-14.81047,-1.28537,-1.86208,-1.28763,15.022,-9.03873,-8.64785,-0.15461,0.1167,0.01731,-0.00215,0.1589,-0.21893,-0.01104,0.00288,0.01771
44.79167,32.51078,-6.16992,-46.55801,-0.41263,-12.15975,28.60913,38.70856,-16.86626,-1.22257,-2.0482,-1.18198,3.99717,-13.01236,1.75334,-0.15647,0.09042,0.00893,4e-05,0.15436,-0.21241,-0.01031,-0.00284,0.02064,30.42564,-11.88031,-45.85345,6.69755,-13.87659,32.8391,36.26135,-20.40162,-0.56803,-1.56498,-1.30945,-28.16187,30.88307,-17.2693,-0.19149,0.14,0.0171,-0.00477,0.22003,-0.29611,0.00643,0.02274,0.03206,32.33445,-6.65938,-46.99644,-0.12959,-12.24731,29.19735,39.23488,-17.58325,-1.28889,-1.86291,-1.2999,0.08381,1.03316,-5.54313,-0.18378,0.11857,0.00748,0.00577,0.20076,-0.28161,-0.00652,0.00042,0.02873
46.875,32.61651,-5.52527,-47.56588,0.89816,-12.46824,27.55068,39.49385,-19.43695,-1.11231,-2.08944,-1.22357,-6.45311,-5.21783,5.10715,-0.1719,0.0869,0.00448,0.00441,0.17074,-0.24575,-0.0049,-0.00864,0.02995,30.84626,-11.20558,-46.50045,8.31457,-14.42397,31.97393,36.5672,-22.91378,-0.73448,-1.7222,-1.17006,-29.49606,27.90807,-14.19563,-0.23432,0.16997,0.00341,-0.00273,0.23569,-0.31747,0.01412,0.02116,0.0338,32.56043,-6.04575,-47.97943,1.70812,-12.7047,28.34782,40.15437,-20.26574,-1.22004,-1.92622,-1.27118,-12.6726,9.64242,0.13291,-0.19969,0.1087,0.00082,0.00824,0.21928,-0.31308,-0.00114,-0.00491,0.03788
48.95833,32.75326,-4.89604,-48.44672,2.65699,-13.04646,26.41035,39.83848,-22.02687,-0.94627,-2.17705,-1.24315,-15.76759,0.68438,8.98168,-0.18188,0.07891,0.00181,0.0081,0.17288,-0.26285,0.00025,-0.0126,0.03777,31.29458,-10.38863,-46.96381,9.92989,-14.94827,30.87895,36.71009,-25.3872,-0.85673,-1.8639,-1.06323,-26.67163,22.51713,-9.88532,-0.25347,0.18171,-0.0095,-0.00153,0.23157,-0.307,0.01783,0.0178,0.0323,32.72854,-5.42214,-48.84584,4.06716,-13.3148,27.26124,40.59301,-22.82819,-1.06995,-2.03202,-1.21336,-21.02542,15.35549,7.06797,-0.20344,0.09239,-0.0027,0.0063,0.2124,-0.31207,0.00461,-0.01244,0.04401
51.04167,32.91213,-4.28674,-49.18054,4.78798,-13.82209,25.15441,39.7136,-24.59446,-0.72938,-2.29974,-1.25084,-22.78606,3.848,12.53421,-0.1873,0.06903,-0.00012,0.01117,0.16206,-0.26347,0.0048,-0.01446,0.04304,31.68396,-9.36895,-47.28543,11.53063,-15.43418,29.51866,36.71165,-27.8338,-0.93522,-1.97997,-0.98347,-21.70269,17.42326,-5.7938,-0.24928,0.17531,-0.01712,-0.00257,0.21381,-0.27528,0.01643,0.01609,0.02851,32.843,-4.79793,-49.60872,6.74933,-14.02472,25.92875,40.53464,-25.3226,-0.84452,-2.16063,-1.14401,-24.91042,17.42062,13.57289,-0.19926,0.07515,-0.00378,0.00332,0.18613,-0.2876,0.00887,-0.01887,0.04672
53.125,33.09998,-3.69853,-49.72102,7.17273,-14.72299,23.78503,39.12392,-27.12262,-0.47329,-2.44566,-1.25411,-27.17911,4.36101,15.03796,-0.18912,0.05932,-0.00201,0.01362,0.14296,-0.25097,0.00822,-0.01378,0.04526,31.99961,-8.14907,-47.49728,13.09091,-15.91201,27.94099,36.57832,-30.25938,-0.98167,-2.07383,-0.91624,-16.89661,14.47702,-3.14413,-0.22908,0.15621,-0.0175,-0.00569,0.19083,-0.23756,0.01072,0.01798,0.02406,32.94691,-4.17124,-50.23221,9.55666,-14.81367,24.41521,39.9952,-27.82475,-0.56303,-2.2999,-1.08002,-25.92723,16.1617,18.14998,-0.19219,0.06075,-0.00363,0.00281,0.15153,-0.2537,0.01011,-0.02054,0.0464
55.20833,33.32917,-3.12701,-49.99945,9.67634,-15.68794,22.32462,38.10759,-29.60643,-0.19402,-2.60509,-1.25534,-29.30889,3.2418,16.08038,-0.18793,0.05088,-0.00406,0.01519,0.12174,-0.23072,0.0104,-0.01053,0.04458,32.28682,-6.78437,-47.60272,14.56766,-16.4317,26.22979,36.29511,-32.62878,-1.01356,-2.15798,-0.84629,-13.9157,14.15748,-2.48802,-0.20337,0.13216,-0.01216,-0.00913,0.16972,-0.20692,0.00344,0.02242,0.02063,33.09255,-3.53671,-50.62972,12.34814,-15.67675,22.80562,39.01069,-30.37728,-0.25267,-2.44627,-1.03034,-26.08623,13.00466,19.9817,-0.18575,0.05043,-0.00349,0.00625,0.11987,-0.22258,0.00862,-0.01588,0.04402
57.29167,33.61007,-2.56738,-49.94439,12.16608,-16.67025,20.80178,36.73633,-32.03981,0.09109,-2.77104,-1.25142,-29.84984,2.02161,15.62937,-0.18391,0.04383,-0.00608,0.01538,0.10385,-0.20806,0.01186,-0.00544,0.04164,32.61672,-5.35419,-47.57523,15.90816,-17.03482,24.45364,35.83231,-34.85597,-1.0467,-2.24609,-0.76384,-13.24077,15.75976,-3.57727,-0.18117,0.10966,-0.005,-0.01051,0.15384,-0.18921,-0.00184,0.02582,0.01923,33.31645,-2.89961,-50.69214,15.04846,-16.60297,21.16269,37.63598,-32.9606,0.05892,-2.60023,-0.99155,-26.57846,10.02415,19.14291,-0.18082,0.0434,-0.00411,0.01195,0.09839,-0.19994,0.00667,-0.00644,0.04064
59.375,33.94886,-2.02104,-49.50861,14.51592,-17.6363,19.24581,35.11367,-34.40297,0.36652,-2.93834,-1.23589,-29.40357,2.07957,13.96602,-0.17712,0.03781,-0.00779,0.01374,0.09232,-0.18673,0.01344,0.00015,0.03733,33.04807,-3.93094,-47.37426,17.06607,-17.73701,22.64004,35.1622,-36.82706,-1.08897,-2.34577,-0.66654,-14.23429,18.04892,-5.57448,-0.16665,0.09172,-6e-05,-0.00836,0.14238,-0.18197,-0.00256,0.0244,0.01993,33.6295,-2.282,-50.33329,17.60774,-17.56178,19.5149,35.95415,-35.49845,0.35051,-2.76017,-0.94909,-27.27065,9.1307,16.45728,-0.17595,0.03803,-0.00553,0.01596,0.08837,-0.18443,0.00719,0.00397,0.03705
61.45833,34.3494,-1.49775,-48.69143,16.60066,-18.56296,17.68932,33.36724,-36.65146,0.62095,-3.10226,-1.20246,-28.2985,4.03857,11.53746,-0.16793,0.03245,-0.00907,0.01029,0.0873,-0.16825,0.01565,0.00486,0.03247,33.6032,-2.56241,-46.96856,18.01697,-18.527,20.78596,34.27712,-38.44423,-1.13783,-2.45547,-0.55761,-15.68547,19.96284,-7.47612,-0.15849,0.07761,0.00066,-0.00314,0.13208,-0.17744,0.00146,0.01688,0.02184,34.02333,-1.71396,-49.52992,19.94066,-18.50629,17.87341,34.08596,-37.88469,0.61103,-2.91913,-0.88427,-27.14035,11.23847,13.07574,-0.16897,0.03304,-0.00718,0.0145,0.08623,-0.17072,0.01165,0.01152,0.03351
63.54167,34.81607,-1.01147,-47.5459,18.29041,-19.43676,16.17303,31.63247,-38.70822,0.8484,-3.25796,-1.14842,-26.62095,7.52345,8.80483,-0.15719,0.0277,-0.01006,0.00582,0.08679,-0.15233,0.0181,0.00791,0.02761,34.26685,-1.27316,-46.35308,18.76372,-19.37954,18.89411,33.19836,-39.66455,-1.18237,-2.56634,-0.44257,-16.48851,21.00877,-8.53625,-0.15201,0.0647,-0.00195,0.00278,0.11967,-0.16762,0.00782,0.00586,0.02359,34.48541,-1.21543,-48.3367,21.88613,-19.39081,16.25865,32.18536,-40.00842,0.83929,-3.06653,-0.78396,-25.27591,15.82575,9.97637,-0.15864,0.02801,-0.00841,0.00656,0.0865,-0.15418,0.0187,0.01447,0.02985
65.625,35.35518,-0.57276,-46.16767,19.45702,-20.2557,14.7458,30.02845,-40.46202,1.04804,-3.40098,-1.07635,-24.37485,11.41678,6.14499,-0.14604,0.0238,-0.01104,0.00173,0.08801,-0.1379,0.01957,0.00941,0.02302,35.00452,-0.07956,-45.54993,19.32727,-20.27313,17.00931,31.96994,-40.50932,-1.20862,-2.66731,-0.32671,-16.08085,21.24052,-8.50334,-0.14252,0.05084,-0.00508,0.00641,0.10399,-0.14859,0.01285,-0.00341,0.02391,35.01287,-0.78206,-46.86897,23.2192,-20.19258,14.71469,30.41264,-41.7613,1.04027,-3.19386,-0.64829,-21.72932,21.15666,7.61388,-0.14563,0.02328,-0.00898,-0.00486,0.0851,-0.13406,0.02453,0.01379,0.02582
67.70833,35.97451,-0.18299,-44.6703,19.99693,-21.03201,13.4573,28.63186,-41.77654,1.22273,-3.52806,-0.99295,-21.60524,14.49867,3.82388,-0.13549,0.0211,-0.01211,-0.00054,0.08876,-0.12408,0.01875,0.01014,0.01879,35.78718,0.9938,-44.59348,19.72726,-21.20265,15.23134,30.63996,-41.03636,-1.20576,-2.7501,-0.21436,-14.45056,20.96262,-7.59228,-0.12811,0.03593,-0.00611,0.0059,0.0866,-0.12206,0.01377,-0.00608,0.02212,35.61806,-0.38696,-45.26286,23.71783,-20.92544,13.30099,28.89002,-43.02836,1.2201,-3.29988,-0.49197,-17.62668,25.12089,5.86704,-0.13211,0.01947,-0.00936,-0.01391,0.08105,-0.11364,0.02504,0.01196,0.02139
69.79167,36.68221,0.16543,-43.15785,19.8637,-21.79308,12.347,27.45781,-42.5126,1.37696,-3.63727,-0.90568,-18.37744,16.15162,2.01917,-0.12599,0.01973,-0.01291,-0.0003,0.08799,-0.11063,0.01518,0.01085,0.01499,36.60783,1.90782,-43.50976,19.96324,-22.18047,13.6952,29.23994,-41.29025,-1.17025,-2.81112,-0.1093,-11.79813,20.43065,-6.24907,-0.11043,0.02196,-0.00455,0.00174,0.07079,-0.0936,0.01049,-0.00104,0.01839,36.32472,0.00062,-43.63297,23.25615,-21.63796,12.0688,27.65774,-43.67964,1.38205,-3.39133,-0.33799,-14.43467,26.31839,4.28267,-0.12051,0.01703,-0.01043,-0.01485,0.07603,-0.09751,0.01868,0.01076,0.01695
71.875,37.48655,0.48309,-41.70563,19.0954,-22.57851,11.4367,26.45619,-42.56115,1.51473,-3.72689,-0.81843,-14.63611,16.76088,0.85086,-0.11716,0.01953,-0.01249,0.00173,0.08571,-0.09785,0.00987,0.01172,0.01175,37.48173,2.61624,-42.30406,20.00832,-23.22671,12.52964,27.77473,-41.26088,-1.10643,-2.84964,-0.01463,-8.14262,19.7484,-4.85555,-0.09332,0.0115,-0.00243,-0.0033,0.0598,-0.06918,0.00584,0.00774,0.01352,37.15873,0.39106,-42.04802,21.87795,-22.39719,11.04152,26.65336,-43.5832,1.52515,-3.47765,-0.20632,-12.84674,24.84855,2.4693,-0.11205,0.01614,-0.01275,-0.00555,0.07251,-0.08814,0.00796,0.00971,0.01322
73.95833,38.39588,0.77623,-40.35505,17.82096,-23.43301,10.73311,25.52747,-41.87854,1.63811,-3.79329,-0.72848,-10.08267,17.58071,0.38738,-0.10806,0.02004,-0.00948,0.00335,0.08226,-0.0861,0.00498,0.01233,0.00921,38.43213,3.08148,-40.96623,19.8211,-24.35428,11.81707,26.23084,-40.87817,-1.02341,-2.86386,0.06853,-3.17795,18.97288,-3.5289,-0.08038,0.00591,-0.00297,-0.00583,0.05505,-0.05198,0.00399,0.01315,0.00854,38.13868,0.76179,-40.5337,19.81119,-23.26646,10.21627,25.72991,-42.64743,1.64585,-3.56226,-0.10317,-12.03749,22.36634,0.4241,-0.10614,0.01681,-0.01577,0.01064,0.07161,-0.08391,-0.00127,0.00639,0.01087
76.04167,39.4171,1.04354,-39.12168,16.23781,-24.39683,10.24072,24.55478,-40.51191,1.74681,-3.82932,-0.6264,-4.22507,20.10284,0.62207,-0.09766,0.02074,-0.00248,0.00155,0.07774,-0.07541,0.00258,0.01225,0.00741,39.47097,3.2883,-39.49252,19.37122,-25.55664,11.57628,24.60064,-40.05153,-0.93017,-2.848,0.14289,3.49235,18.26759,-2.10041,-0.07284,0.00437,-0.00801,-0.00398,0.05549,-0.0413,0.00773,0.00921,0.00424,39.26939,1.06766,-39.09687,17.41155,-24.2872,9.58956,24.71106,-40.87936,1.74121,-3.63561,-0.01644,-9.85282,21.31242,-1.38369,-0.10065,0.01899,-0.01742,0.02563,0.07215,-0.07999,-0.0031,-0.00132,0.01008
78.125,40.55087,1.27962,-38.00917,14.56563,-25.49643,9.9786,23.44247,-38.60305,1.83875,-3.82463,-0.49923,3.34714,25.22249,1.44094,-0.0854,0.0212,0.0095,-0.00635,0.07181,-0.06536,0.00307,0.01211,0.00614,40.58591,3.24652,-37.91228,18.66579,-26.80367,11.77518,22.91058,-38.73635,-0.83106,-2.79292,0.21578,11.87435,17.911,-0.25722,-0.06907,0.00432,-0.01592,0.00092,0.05816,-0.03391,0.01605,-0.00432,0.00083,40.53828,1.27134,-37.75419,15.05704,-25.47165,9.19212,23.46307,-38.42856,1.81203,-3.67491,0.07966,-3.95175,23.64642,-2.22091,-0.09323,0.02243,-0.01442,0.02999,0.07127,-0.07137,0.00449,-0.01233,0.01032
80.20833,41.78391,1.48289,-37.02103,12.99282,-26.73753,9.99093,22.14857,-36.36575,1.91138,-3.7685,-0.33603,12.56878,32.61577,2.61277,-0.07149,0.02115,0.02667,-0.02143,0.06396,-0.05536,0.00421,0.01426,0.00489,41.7403,2.98117,-36.30323,17.76171,-28.04669,12.36322,21.23728,-36.99179,-0.72398,-2.69055,0.29706,21.17346,18.09103,2.24627,-0.06565,0.00301,-0.02123,0.00437,0.05953,-0.02659,0.02352,-0.02,-0.00208,41.91354,1.37582,-36.54691,13.03839,-26.80598,9.10881,21.95323,-35.58585,1.86376,-3.65222,0.21259,6.68424,29.69481,-1.48642,-0.0825,0.02644,-0.0034,0.0173,0.06624,-0.05613,0.01719,-0.02078,0.01038
82.29167,43.0823,1.66144,-36.16437,11.63576,-28.10173,10.34301,20.70015,-34.04134,1.96287,-3.65461,-0.13339,22.60836,40.65499,3.82092,-0.05688,0.02046,0.04839,-0.04247,0.05412,-0.04507,0.00145,0.02259,0.00296,42.88464,2.51636,-34.78376,16.75511,-29.22942,13.30271,19.70034,-34.99491,-0.60182,-2.54001,0.39434,29.76472,18.60599,5.41971,-0.05943,-0.00079,-0.01656,0.0005,0.05691,-0.01825,0.02208,-0.02482,-0.00522,43.3436,1.43672,-35.53309,11.49029,-28.25805,9.46513,20.26874,-32.72395,1.90487,-3.54767,0.39739,20.7435,37.7099,0.90694,-0.06876,0.02969,0.01775,-0.0126,0.05607,-0.03683,0.02505,-0.01721,0.00885
84.375,44.39073,1.83055,-35.44593,10.52519,-29.54624,11.102,19.18741,-31.84572,1.99273,-3.48568,0.10136,31.89421,46.93641,4.73251,-0.04279,0.01903,0.07328,-0.06615,0.04291,-0.03459,-0.01038,0.04124,-0.00029,43.97215,1.86321,-33.48209,15.75047,-30.29983,14.58059,18.43162,-32.99714,-0.45663,-2.35182,0.50736,35.65304,18.71176,8.98373,-0.04917,-0.0061,0.00402,-0.01506,0.04934,-0.01036,0.00462,-0.00596,-0.00928,44.76035,1.5409,-34.76206,10.38732,-29.78306,10.38087,18.58754,-30.19599,1.94316,-3.36139,0.62728,34.73195,44.41562,4.36365,-0.05364,0.03043,0.0487,-0.0531,0.04218,-0.01906,0.01658,0.00753,0.00463
86.45833,45.64173,2.00008,-34.86465,9.62207,-31.00618,12.30983,17.73957,-29.92495,2.00159,-3.27557,0.3507,38.52672,49.20125,5.07943,-0.03028,0.01681,0.09954,-0.08801,0.03163,-0.02447,-0.03449,0.0726,-0.0052,44.96998,1.01913,-32.49478,14.82264,-31.21878,16.19578,17.53279,-31.2388,-0.28448,-2.14749,0.62494,37.25086,17.30595,12.43944,-0.03592,-0.0104,0.04179,-0.04275,0.03755,-0.00552,-0.03143,0.04256,-0.01451,46.08896,1.75648,-34.2467,9.5969,-31.32346,11.91171,17.11411,-28.23109,1.98175,-3.11787,0.87371,44.31689,46.33988,7.74734,-0.03915,0.02718,0.08643,-0.0934,0.02759,-0.00807,-0.01561,0.05735,-0.00257
88.54167,46.77334,2.15629,-34.40702,8.85241,-32.39893,13.96096,16.49202,-28.33325,1.99024,-3.04764,0.59131,40.93967,46.24241,4.71956,-0.01986,0.01381,0.12531,-0.10394,0.02165,-0.01531,-0.07013,0.1156,-0.01167,45.8612,-0.02125,-31.85335,13.98922,-31.96373,18.13312,17.03988,-29.86051,-0.08895,-1.95385,0.7269,34.0988,13.43887,15.21397,-0.02211,-0.01125,0.09203,-0.07824,0.02342,-0.00541,-0.08213,0.11565,-0.02054,47.26484,2.07827,-33.95017,8.95766,-32.80536,14.00963,16.00911,-26.87165,2.01672,-2.85989,1.09605,46.23901,41.33907,9.78184,-0.02665,0.01964,0.12594,-0.12285,0.0153,-0.0055,-0.07034,0.12759,-0.01204
90.625,47.7486,2.24777,-34.04871,8.14416,-33.63067,15.99587,15.55591,-27.0385,1.95844,-2.82941,0.80052,38.5195,38.39648,3.65802,-0.01152,0.0102,0.14888,-0.11147,0.01386,-0.00754,-0.11201,0.16518,-0.01915,46.63911,-1.25079,-31.51474,13.20643,-32.52812,20.34289,16.91108,-28.85363,0.11827,-1.79451,0.79103,27.15293,6.90774,16.81788,-0.01006,-0.00789,0.14533,-0.11378,0.00922,-0.00938,-0.1379,0.19785,-0.02646,48.25283,2.39852,-33.79569,8.34506,-34.13732,16.5257,15.34308,-25.97952,2.03741,-2.63426,1.25661,39.82136,29.60951,9.5381,-0.01641,0.00925,0.16176,-0.13508,0.00681,-0.00832,-0.13702,0.20523,-0.02231
92.70833,48.56677,2.18464,-33.76214,7.45108,-34.60578,18.31386,14.99854,-25.94997,1.90439,-2.64565,0.96252,31.88379,27.41619,2.02819,-0.00493,0.00637,0.16891,-0.11038,0.00827,-0.00121,-0.15173,0.21336,-0.02679,47.29956,-2.64016,-31.3802,12.39025,-32.91806,22.74104,17.04343,-28.07324,0.31992,-1.68236,0.8022,18.46718,-1.42047,16.96751,-0.00084,-0.00183,0.19104,-0.14113,-0.00297,-0.01476,-0.18689,0.26891,-0.03113,49.05965,2.52317,-33.69504,7.69963,-35.21673,19.25715,15.09135,-25.30718,2.02949,-2.47603,1.33439,27.29037,13.71177,6.79508,-0.00787,-0.00112,0.18957,-0.12997,0.00175,-0.01073,-0.1991,0.27298,-0.03172
94.79167,49.2583,1.85489,-33.52583,6.75724,-35.23853,20.79959,14.83815,-24.95574,1.82499,-2.51255,1.07199,22.67204,15.80116,0.04853,0.00022,0.0028,0.18441,-0.10246,0.00412,0.00381,-0.18065,0.25158,-0.03373,47.83669,-4.14034,-31.33388,11.45298,-33.14741,25.23133,17.31125,-27.3064,0.498,-1.61641,0.75925,10.40215,-9.81034,15.65443,0.0058,0.00405,0.2211,-0.15466,-0.01155,-0.01852,-0.21938,0.31175,-0.03358,49.72998,2.23116,-33.58131,7.01625,-35.94506,22.01694,15.16695,-24.60042,1.97955,-2.39817,1.33156,12.74435,-2.40523,2.12318,-0.00046,-0.00819,0.20725,-0.11279,-0.00149,-0.00777,-0.24037,0.31571,-0.0389
96.875,49.86298,1.15318,-33.33072,6.0664,-35.46568,23.35133,15.05049,-23.95609,1.7171,-2.43512,1.13403,12.93791,5.89691,-2.02465,0.00407,-0.00013,0.19479,-0.09058,0.00045,0.00753,-0.19297,0.27356,-0.03934,48.2443,-5.69606,-31.28357,10.33841,-33.232,27.73593,17.6091,-26.36191,0.63895,-1.58458,0.67567,4.72855,-16.35992,13.16376,0.01071,0.00719,0.23275,-0.15327,-0.01555,-0.01915,-0.23116,0.31919,-0.03336,50.32313,1.35183,-33.42969,6.31312,-36.24707,24.69163,15.47091,-23.68699,1.87944,-2.39106,1.27028,0.31511,-14.93246,-3.33541,0.00578,-0.0099,0.21513,-0.09122,-0.00438,0.00143,-0.25135,0.32609,-0.04324
98.95833,50.39939,0.01137,-33.18039,5.38661,-35.25723,25.8988,15.58177,-22.88357,1.57919,-2.40841,1.16069,4.42664,-0.85389,-3.93715,0.0066,-0.00231,0.19984,-0.07759,-0.00339,0.00966,-0.18778,0.27717,-0.04327,48.51984,-7.26219,-31.18652,9.04064,-33.18319,30.21509,17.88136,-25.1388,0.73744,-1.57046,0.57334,2.03784,-19.88002,10.04203,0.01424,0.00679,0.22863,-0.14018,-0.01485,-0.01755,-0.22447,0.29625,-0.03077,50.87669,-0.17517,-33.25741,5.60438,-36.08668,27.25953,15.93347,-22.51597,1.72876,-2.43104,1.18208,-7.52392,-21.5964,-8.28546,0.01015,-0.00644,0.21518,-0.07181,-0.00736,0.0129,-0.23268,0.30697,-0.04489
