stride_pct,RL | leg1_a angle (deg),RL | leg1_e angle (deg),RL | leg2_a angle (deg),RL | leg2_e angle (deg),RL | leg3_a angle (deg),RL | leg3_e angle (deg),RL | leg4_a angle (deg),RL | leg4_e angle (deg),RL | IMU pitch (deg),RL | IMU roll (deg),RL | pitch rate (deg/s),RL | roll rate (deg/s),RL | yaw rate (deg/s),RL | leg1_a torque (N m),RL | leg1_e torque (N m),RL | leg2_a torque (N m),RL | leg2_e torque (N m),RL | leg3_a torque (N m),RL | leg3_e torque (N m),RL | leg4_a torque (N m),RL | leg4_e torque (N m),Old CPG | leg1_a angle (deg),Old CPG | leg1_e angle (deg),Old CPG | leg2_a angle (deg),Old CPG | leg2_e angle (deg),Old CPG | leg3_a angle (deg),Old CPG | leg3_e angle (deg),Old CPG | leg4_a angle (deg),Old CPG | leg4_e angle (deg),Old CPG | IMU pitch (deg),Old CPG | IMU roll (deg),Old CPG | pitch rate (deg/s),Old CPG | roll rate (deg/s),Old CPG | yaw rate (deg/s),Old CPG | leg1_a torque (N m),Old CPG | leg1_e torque (N m),Old CPG | leg2_a torque (N m),Old CPG | leg2_e torque (N m),Old CPG | leg3_a torque (N m),Old CPG | leg3_e torque (N m),Old CPG | leg4_a torque (N m),Old CPG | leg4_e torque (N m),Final CPG | leg1_a angle (deg),Final CPG | leg1_e angle (deg),Final CPG | leg2_a angle (deg),Final CPG | leg2_e angle (deg),Final CPG | leg3_a angle (deg),Final CPG | leg3_e angle (deg),Final CPG | leg4_a angle (deg),Final CPG | leg4_e angle (deg),Final CPG | IMU pitch (deg),Final CPG | IMU roll (deg),Final CPG | pitch rate (deg/s),Final CPG | roll rate (deg/s),Final CPG | yaw rate (deg/s),Final CPG | leg1_a torque (N m),Final CPG | leg1_e torque (N m),Final CPG | leg2_a torque (N m),Final CPG | leg2_e torque (N m),Final CPG | leg3_a torque (N m),Final CPG | leg3_e torque (N m),Final CPG | leg4_a torque (N m),Final CPG | leg4_e torque (N m)
1.04167,51.77853,2.68073,-34.94269,3.52493,-32.32768,19.868,27.39548,-9.98038,-1.46843,2.03975,-12.73194,-23.40607,-0.14062,0.00678,0.00438,0.05724,-0.02162,-0.01556,0.00873,-0.0928,0.08512,51.90751,-0.28882,-33.33953,6.57141,-31.59365,26.78213,29.09902,-10.5259,-0.91988,0.62552,1.0324,-31.09407,0.45809,0.00989,-0.00334,0.07843,-0.07197,-0.00307,-0.01332,-0.11127,0.1348,51.65902,2.79259,-34.6028,3.74408,-32.58915,22.61089,27.09326,-9.64924,-1.46918,1.9156,-13.87545,-28.53643,-1.89298,0.00695,0.00044,0.05435,-0.02476,-0.01129,-0.00923,-0.09825,0.07436
3.125,52.11893,2.26539,-35.47686,2.87132,-30.9494,23.2395,27.86994,-8.97226,-1.5387,1.9394,-10.92918,-24.17635,0.76336,0.00881,0.00262,0.05688,-0.01903,-0.01873,-0.01273,-0.08216,0.07235,51.89318,-1.19673,-33.68683,5.45316,-30.96115,28.30279,28.99481,-8.87801,-0.96013,0.43599,-3.06243,-38.88488,0.88101,0.00506,-0.00097,0.06225,-0.06188,-0.00535,-0.0097,-0.09786,0.12419,51.99549,2.41794,-35.11534,3.06988,-31.15633,26.03776,27.49843,-8.60413,-1.54229,1.79372,-12.58073,-30.09216,-0.54614,0.01047,-0.00302,0.05209,-0.01796,-0.01575,-0.03407,-0.08516,0.05848
5.20833,52.43221,1.5438,-36.08872,2.26948,-29.5912,26.29216,28.41446,-8.05163,-1.60575,1.8324,-9.3678,-24.43339,1.43891,0.01142,0.00119,0.05769,-0.0181,-0.02051,-0.02689,-0.07387,0.0628,51.73322,-2.12797,-34.17733,4.2743,-30.28324,29.57142,28.99088,-7.14533,-1.0227,0.22533,-8.12519,-44.09365,1.22815,0.00159,0.00015,0.05194,-0.05099,-0.00692,-0.00611,-0.08443,0.10877,52.30171,1.72767,-35.72517,2.44761,-29.71909,28.97,28.01687,-7.68707,-1.61336,1.66812,-11.09115,-29.95401,0.73911,0.0139,-0.00514,0.05319,-0.01484,-0.01982,-0.04247,-0.0736,0.04906
7.29167,52.69861,0.47947,-36.77883,1.72796,-28.35737,28.90661,29.00689,-7.22323,-1.66817,1.71971,-8.01073,-24.44716,1.74345,0.01343,0.00128,0.05859,-0.01768,-0.02007,-0.03485,-0.06818,0.05753,51.41542,-3.06229,-34.82691,3.08165,-29.58293,30.59122,29.11089,-5.40537,-1.10171,0.01339,-12.54397,-45.12415,1.16265,0.00037,0.00014,0.04782,-0.04108,-0.00683,-0.00356,-0.07198,0.09017,52.56933,0.66934,-36.43343,1.88984,-28.39763,31.33747,28.61814,-6.89493,-1.68092,1.54421,-9.36408,-28.26253,1.56442,0.01502,-0.00426,0.05587,-0.01481,-0.02165,-0.03776,-0.06428,0.04682
9.375,52.87077,-0.91984,-37.5273,1.24908,-27.32518,31.00161,29.61677,-6.47667,-1.72312,1.60183,-6.67422,-24.58448,1.6824,0.01384,0.00357,0.05864,-0.01685,-0.01711,-0.03991,-0.06494,0.05619,50.93977,-3.98454,-35.6252,1.92307,-28.88209,31.38538,29.36018,-3.75129,-1.18702,-0.18156,-15.08984,-42.13672,0.61058,0.00118,-0.00044,0.0477,-0.03332,-0.00484,-0.00264,-0.06085,0.0704,52.7615,-0.7623,-37.21322,1.40042,-27.28839,33.13527,29.25561,-6.19884,-1.74178,1.42548,-7.41665,-25.78461,1.76754,0.01268,0.00033,0.05809,-0.01649,-0.0199,-0.02805,-0.0577,0.05006
11.45833,52.87232,-2.59595,-38.30266,0.82766,-26.53204,32.52021,30.21842,-5.79501,-1.76676,1.47795,-5.08343,-25.26902,1.39086,0.01239,0.00787,0.05749,-0.01537,-0.01215,-0.04569,-0.06383,0.0573,50.31884,-4.88336,-36.54167,0.84019,-28.19369,31.97526,29.72777,-2.27328,-1.26709,-0.35014,-15.06278,-36.90389,-0.2387,0.0029,-0.00085,0.04822,-0.02821,-0.00164,-0.00317,-0.05097,0.05147,52.80528,-2.51427,-38.02269,0.97345,-26.44448,34.38282,29.88661,-5.56149,-1.79157,1.31134,-5.26771,-23.69426,1.45902,0.00757,0.00802,0.05841,-0.01837,-0.01449,-0.02237,-0.05416,0.0555
13.54167,52.60707,-4.44501,-39.07478,0.45287,-25.97242,33.4177,30.80159,-5.16449,-1.79485,1.34544,-2.95348,-26.88325,1.06505,0.00972,0.01308,0.05546,-0.01366,-0.00642,-0.0543,-0.06452,0.05896,49.57298,-5.74826,-37.53875,-0.13627,-27.51784,32.36082,30.19378,-1.04254,-1.33106,-0.49568,-12.30038,-32.03688,-1.04836,0.00421,-0.00057,0.04646,-0.02555,0.00137,-0.00423,-0.04224,0.03501,52.59678,-4.47715,-38.82299,0.59616,-25.86681,35.08503,30.48968,-4.95545,-1.82551,1.19636,-2.87709,-23.16685,0.94616,0.0022,0.01689,0.05661,-0.01937,-0.00677,-0.02682,-0.05378,0.05961
15.625,51.97874,-6.33229,-39.82637,0.11229,-25.60529,33.65886,31.37497,-4.58074,-1.80369,1.20007,-0.08308,-29.64474,0.87298,0.00715,0.01754,0.05339,-0.01257,-0.00148,-0.06529,-0.06669,0.05964,48.7228,-6.56645,-38.58587,-0.98752,-26.84432,32.51237,30.73874,-0.10237,-1.37013,-0.63264,-7.10816,-29.88864,-1.51174,0.00428,0.00047,0.04126,-0.02465,0.00267,-0.00448,-0.03497,0.02205,52.02137,-6.50029,-39.59377,0.25431,-25.50908,35.21341,31.07161,-4.37456,-1.83935,1.07144,-0.13073,-24.94935,0.57943,-7e-05,0.02427,0.05366,-0.01921,0.00091,-0.04192,-0.05636,0.06013
17.70833,50.91779,-8.11377,-40.55882,-0.20364,-25.36973,33.22735,31.96087,-4.04866,-1.79101,1.03703,3.55864,-33.50377,0.88159,0.00607,0.01964,0.05221,-0.01278,0.00148,-0.07586,-0.07001,0.05879,47.78275,-7.32113,-39.66845,-1.7048,-26.16136,32.37867,31.35094,0.53215,-1.37829,-0.78063,-0.16678,-31.56136,-1.5138,0.00331,0.0018,0.0337,-0.02461,0.00138,-0.00279,-0.0299,0.01287,50.98569,-8.41723,-40.33997,-0.06249,-25.29537,34.71594,31.66186,-3.83346,-1.83026,0.92658,3.10492,-29.07651,0.58804,0.00343,0.0277,0.0512,-0.01832,0.00614,-0.06252,-0.06136,0.05693
19.79167,49.40793,-9.65908,-41.29014,-0.49865,-25.20391,32.14331,32.58371,-3.57626,-1.75673,0.85253,7.77658,-38.10454,1.03025,0.00725,0.0185,0.05245,-0.01444,0.00218,-0.08216,-0.07403,0.05695,46.75915,-7.99223,-40.78821,-2.28572,-25.46781,31.90918,32.02831,0.86719,-1.35286,-0.95583,7.56043,-36.40314,-1.20653,0.00244,0.00261,0.02651,-0.02449,-0.00217,0.00103,-0.02795,0.00713,49.45247,-10.07469,-41.0879,-0.35763,-25.14493,33.55197,32.2969,-3.35612,-1.7976,0.75421,6.87561,-34.84113,0.97393,0.01326,0.02587,0.05068,-0.01748,0.00752,-0.08015,-0.06789,0.05191
21.875,47.50366,-10.8706,-42.04633,-0.77061,-25.06203,30.48067,33.25703,-3.16575,-1.70347,0.64551,12.1477,-42.83041,1.16097,0.01032,0.01447,0.05399,-0.01694,0.00153,-0.08122,-0.07813,0.05533,45.65431,-8.55955,-41.9548,-2.73045,-24.7837,31.08268,32.7742,0.91958,-1.29497,-1.16342,14.93368,-42.18699,-0.96535,0.00313,0.00216,0.02272,-0.02356,-0.00622,0.00587,-0.02975,0.00407,47.46654,-11.35814,-41.87236,-0.62808,-24.99643,31.73679,33.00151,-2.95929,-1.74347,0.55196,11.02923,-41.02277,1.50875,0.02717,0.01919,0.05264,-0.0174,0.00541,-0.08684,-0.0748,0.04812
23.95833,45.33196,-11.69449,-42.84954,-1.01448,-24.92445,28.37438,33.97503,-2.80679,-1.63649,0.41876,16.08436,-46.92392,1.09191,0.01374,0.00907,0.05594,-0.01914,0.0015,-0.07256,-0.08153,0.05502,44.47514,-9.00732,-43.17287,-3.03896,-24.15439,29.93056,33.58863,0.70703,-1.21003,-1.39364,20.78833,-45.90213,-1.24304,0.00628,0.00017,0.02424,-0.02136,-0.00797,0.0093,-0.03515,0.00274,45.16159,-12.20733,-42.72046,-0.86834,-24.82428,29.37541,33.77512,-2.63894,-1.67274,0.32401,15.16525,-46.27751,1.83415,0.04048,0.00983,0.05632,-0.01827,0.00199,-0.07875,-0.08083,0.04815
26.04167,43.07519,-12.12231,-43.70772,-1.22721,-24.79859,26.01077,34.71231,-2.47617,-1.56309,0.17925,18.95689,-49.64567,0.70306,0.01522,0.00463,0.057,-0.01985,0.00449,-0.05882,-0.08339,0.05625,43.24288,-9.32839,-44.43027,-3.20992,-23.6451,28.54482,34.45905,0.24224,-1.10743,-1.62315,24.1497,-44.85383,-2.38006,0.01144,-0.00294,0.03079,-0.01775,-0.00443,0.00824,-0.04296,0.00235,42.74281,-12.61912,-43.63853,-1.0762,-24.64208,26.66851,34.58906,-2.36749,-1.59259,0.08037,18.68673,-49.53329,1.62308,0.04758,0.0011,0.05988,-0.01965,0.0007,-0.05817,-0.08486,0.05284
28.125,40.9383,-12.18395,-44.60978,-1.41214,-24.71152,23.60055,35.43198,-2.146,-1.49148,-0.06273,20.24875,-50.42433,-0.0023,0.01251,0.00349,0.05587,-0.01833,0.01255,-0.04511,-0.08302,0.05792,41.99884,-9.52646,-45.69261,-3.24097,-23.32664,27.06604,35.3547,-0.46755,-0.99934,-1.82125,24.48724,-37.65545,-4.44795,0.01652,-0.00603,0.03986,-0.01289,0.00651,-2e-05,-0.05106,0.00235,40.44794,-12.63792,-44.60737,-1.25748,-24.49305,23.88356,35.39572,-2.10459,-1.51131,-0.16523,20.95617,-50.24316,0.73356,0.04386,-0.00363,0.06102,-0.02063,0.00499,-0.03302,-0.08601,0.06042
30.20833,39.10844,-11.93521,-45.52778,-1.58085,-24.69717,21.34062,36.0987,-1.79856,-1.42928,-0.29512,19.7026,-48.95602,-0.88652,0.0043,0.00716,0.05169,-0.01471,0.02661,-0.03722,-0.08,0.05771,40.80286,-9.61519,-46.90695,-3.1297,-23.256,25.6539,36.22751,-1.41689,-0.89815,-1.95874,21.93731,-24.74443,-7.18908,0.01824,-0.00756,0.04758,-0.00722,0.02529,-0.0168,-0.05703,0.00255,38.49694,-12.33811,-45.58726,-1.42733,-24.43127,21.29819,36.14557,-1.81906,-1.43683,-0.39832,21.50757,-48.41748,-0.71022,0.02755,-0.00202,0.05789,-0.02021,0.01708,-0.01388,-0.08384,0.06695
32.29167,37.71797,-11.44386,-46.42527,-1.7506,-24.78303,19.37617,36.6908,-1.4433,-1.38211,-0.5061,17.41152,-45.23183,-1.72248,-0.00922,0.01576,0.04439,-0.00994,0.046,-0.03948,-0.07432,0.05283,39.72354,-9.61428,-48.0133,-2.87468,-23.45835,24.44962,37.01994,-2.59663,-0.81314,-2.01631,17.39797,-8.24162,-10.07774,0.01324,-0.0061,0.05019,-0.0014,0.05021,-0.04122,-0.05882,0.00301,37.04483,-11.80399,-46.53069,-1.60654,-24.50069,19.1338,36.80448,-1.51401,-1.37507,-0.60632,20.2346,-44.4529,-2.3453,0.00057,0.00643,0.04983,-0.01774,0.03707,-0.00995,-0.07832,0.06749
34.375,36.82113,-10.77764,-47.26835,-1.9374,-24.98045,17.7748,37.20576,-1.1295,-1.35244,-0.68589,13.82198,-39.49867,-2.27701,-0.02629,0.02787,0.03471,-0.00544,0.06857,-0.05304,-0.06634,0.04104,38.82265,-9.54377,-48.9594,-2.4761,-23.91656,23.54275,37.67695,-3.9896,-0.74727,-1.98969,12.416,8.77578,-12.47952,-0.00059,-0.00083,0.04557,0.00381,0.07786,-0.0702,-0.05543,0.00394,36.15136,-11.11297,-47.39752,-1.81331,-24.71919,17.50242,37.36356,-1.24536,-1.32874,-0.78012,17.47383,-38.86056,-3.69668,-0.0318,0.02014,0.03764,-0.01322,0.06268,-0.02534,-0.0698,0.05798
36.45833,36.3906,-9.99635,-48.03529,-2.14621,-25.28143,16.52121,37.65625,-0.9491,-1.33931,-0.82786,9.63905,-32.17958,-2.3995,-0.04401,0.04091,0.02394,-0.0025,0.09116,-0.07531,-0.05671,0.0217,38.13904,-9.41832,-49.71315,-1.93603,-24.57248,22.95328,38.158,-5.56918,-0.69523,-1.88976,8.84633,23.30216,-13.84881,-0.02306,0.00814,0.03407,0.00768,0.10392,-0.09913,-0.0473,0.00551,35.77653,-10.32567,-48.16671,-2.05239,-25.07281,16.3852,37.83687,-1.12538,-1.29688,-0.91439,13.93611,-32.03031,-4.35355,-0.06262,0.03599,0.02335,-0.00735,0.08986,-0.0574,-0.05894,0.03686
38.54167,36.33425,-9.14842,-48.72117,-2.36142,-25.66202,15.53372,38.05786,-1.02694,-1.3388,-0.92896,5.65586,-23.78706,-2.08021,-0.05925,0.05194,0.01352,-0.00172,0.11053,-0.10075,-0.04618,-0.00371,37.67782,-9.24341,-50.2678,-1.25862,-25.34001,22.63443,38.44458,-7.301,-0.64391,-1.73803,8.35014,33.34824,-13.89132,-0.05131,0.01972,0.01846,0.00966,0.12438,-0.12314,-0.03607,0.00776,35.80235,-9.48365,-48.84037,-2.30514,-25.52121,15.6501,38.24786,-1.30762,-1.2755,-1.00687,10.49732,-24.13998,-4.12477,-0.08541,0.05021,0.00953,-0.00131,0.11401,-0.09751,-0.04659,0.006
40.625,36.52605,-8.27099,-49.33586,-2.54085,-26.09045,14.69688,38.41338,-1.49968,-1.34524,-0.98928,2.55494,-14.85586,-1.45499,-0.06963,0.0585,0.00464,-0.00266,0.12414,-0.12279,-0.03548,-0.03168,37.40927,-9.01464,-50.63807,-0.4508,-26.12615,22.49384,38.54046,-9.14649,-0.57541,-1.55917,11.8741,38.47063,-12.63539,-0.0804,0.03214,0.00287,0.00952,0.13662,-0.13853,-0.02403,0.01051,36.07295,-8.61321,-49.43875,-2.524,-26.01176,15.10198,38.60998,-1.95626,-1.25901,-1.05724,7.91726,-15.24138,-3.11154,-0.09628,0.05962,-0.00155,0.00364,0.13129,-0.13429,-0.03367,-0.02959
42.70833,36.84132,-7.39173,-49.89627,-2.61615,-26.53665,13.89904,38.70068,-2.48806,-1.35291,-1.01128,0.74135,-5.90359,-0.75477,-0.07414,0.05938,-0.00202,-0.00406,0.13077,-0.13607,-0.02517,-0.05745,37.27846,-8.72014,-50.84935,0.47669,-26.85344,22.42456,38.46498,-11.06624,-0.47209,-1.37341,19.28669,39.72881,-10.39354,-0.10464,0.04343,-0.00878,0.0075,0.14004,-0.14394,-0.01331,0.01338,36.43997,-7.73186,-49.9885,-2.63384,-26.4964,14.54725,38.91012,-3.20783,-1.2422,-1.06635,6.59033,-5.46455,-1.66884,-0.09497,0.06243,-0.0086,0.00651,0.13967,-0.15768,-0.02114,-0.06307
44.79167,37.1859,-6.53096,-50.41562,-2.50081,-26.97974,13.06271,38.86991,-4.06956,-1.35753,-0.99878,0.25987,2.59041,-0.22011,-0.0734,0.05487,-0.0064,-0.00431,0.13072,-0.13819,-0.01565,-0.07627,37.22275,-8.34515,-50.92444,1.50799,-27.47686,22.33425,38.2422,-13.0215,-0.32217,-1.19123,29.31596,39.1361,-7.63927,-0.11936,0.05199,-0.01413,0.00421,0.13605,-0.1407,-0.00518,0.01588,36.79874,-6.85418,-50.50866,-2.54117,-26.94525,13.85064,39.10259,-5.13629,-1.22197,-1.03609,6.42597,4.78092,-0.27183,-0.08477,0.05871,-0.01161,0.00684,0.13934,-0.1625,-0.00993,-0.08767
46.875,37.51131,-5.7031,-50.89334,-2.10474,-27.41137,12.15903,38.85271,-6.25814,-1.3572,-0.95623,0.82273,10.20775,-0.01489,-0.06925,0.04656,-0.00887,-0.00222,0.12545,-0.13027,-0.00717,-0.08465,37.19144,-7.87714,-50.87343,2.62128,-27.99006,22.16273,37.89062,-14.97349,-0.12397,-1.01196,39.84216,38.85365,-4.85389,-0.1223,0.05697,-0.01324,0.00052,0.12737,-0.13238,0.0002,0.01751,37.10548,-5.99491,-50.9993,-2.14975,-27.35247,12.96562,39.11722,-7.73083,-1.19834,-0.96968,6.91129,14.73405,0.65869,-0.07103,0.05016,-0.01161,0.00475,0.13235,-0.14997,-0.00081,-0.09863
48.95833,37.81368,-4.91746,-51.30887,-1.35256,-27.83435,11.20391,38.58095,-8.99574,-1.35253,-0.88802,1.93852,16.63143,-0.17259,-0.06399,0.03671,-0.01003,0.00244,0.11707,-0.11621,6e-05,-0.08122,37.16079,-7.30976,-50.69077,3.78914,-28.41985,21.88331,37.41781,-16.88144,0.11264,-0.82612,48.47616,40.44807,-2.40461,-0.1143,0.05838,-0.0083,-0.00264,0.11713,-0.12355,0.0036,0.01791,37.37235,-5.16882,-51.43646,-1.37955,-27.73304,11.93109,38.87972,-10.89199,-1.17419,-0.87215,7.33913,23.41051,0.90253,-0.05919,0.03936,-0.01014,0.00076,0.12173,-0.12675,0.00572,-0.09438
51.04167,38.11912,-4.17884,-51.62093,-0.20151,-28.25792,10.23998,38.00907,-12.15662,-1.34571,-0.79815,3.09905,21.70515,-0.59499,-0.05959,0.02754,-0.01044,0.00865,0.10761,-0.10104,0.00589,-0.06701,37.1394,-6.64455,-50.36011,4.98038,-28.81161,21.49042,36.82213,-18.70121,0.3683,-0.62032,53.24743,44.47412,-0.49471,-0.09892,0.05693,-0.00261,-0.00456,0.10785,-0.11827,0.0061,0.0169,37.64533,-4.38851,-51.77417,-0.18492,-28.11275,10.83927,38.33692,-14.44541,-1.15393,-0.75019,7.11825,29.90681,0.50184,-0.05287,0.02892,-0.00862,-0.00447,0.11039,-0.102,0.0095,-0.0767
53.125,38.46279,-3.48852,-51.77226,1.3452,-28.69182,9.31335,37.13183,-15.56271,-1.33909,-0.68976,3.96083,25.49282,-1.10115,-0.05702,0.02056,-0.0105,0.01449,0.09862,-0.08892,0.01023,-0.04489,37.16246,-5.89037,-49.86448,6.16317,-29.21131,20.98139,36.10093,-20.38625,0.61913,-0.38259,53.17406,50.48611,0.80892,-0.08117,0.05362,0.00082,-0.00497,0.10082,-0.11875,0.00832,0.01457,37.97512,-3.66209,-51.95213,1.43203,-28.51588,9.79039,37.47768,-18.16805,-1.14128,-0.6111,6.04575,33.76605,-0.28211,-0.05281,0.02068,-0.00784,-0.01036,0.10033,-0.08362,0.01085,-0.04987
55.20833,38.86993,-2.84573,-51.69822,3.23293,-29.14158,8.45458,35.99097,-19.00545,-1.33362,-0.56479,4.45956,28.30665,-1.50474,-0.05615,0.01629,-0.01052,0.0178,0.0909,-0.08172,0.01308,-0.01868,37.27725,-5.06123,-49.19702,7.30852,-29.65027,20.34247,35.26169,-21.89166,0.84307,-0.10636,48.51767,57.39776,1.5014,-0.06583,0.04941,0.00048,-0.00409,0.09599,-0.12462,0.00991,0.01128,38.39246,-2.99214,-51.9058,3.41563,-28.95531,8.85266,36.34128,-21.81899,-1.13724,-0.46093,4.43096,35.2442,-1.09425,-0.05699,0.01536,-0.00792,-0.01647,0.09226,-0.07535,0.01053,-0.01919
57.29167,39.34506,-2.2494,-51.33691,5.35917,-29.60648,7.67061,34.66796,-22.26956,-1.32781,-0.42356,4.81828,30.67272,-1.68664,-0.05603,0.01428,-0.01079,0.01704,0.08468,-0.07872,0.01461,0.00796,37.52535,-4.17374,-48.36712,8.39312,-30.13749,19.54621,34.33111,-23.1804,1.02532,0.20782,40.62986,63.97899,1.56816,-0.05594,0.04483,-0.00315,-0.00249,0.09233,-0.13314,0.00941,0.00758,38.89642,-2.3768,-51.57589,5.65984,-29.42871,8.04236,35.00994,-25.16736,-1.13873,-0.30248,3.01313,35.33821,-1.63761,-0.06185,0.01264,-0.00853,-0.02238,0.08591,-0.07584,0.0096,0.0106
59.375,39.87214,-1.69942,-50.6391,7.58558,-30.08041,6.94868,33.2652,-25.15481,-1.31761,-0.26467,5.44659,33.22054,-1.63348,-0.05553,0.01359,-0.01168,0.01196,0.07993,-0.07738,0.0152,0.03235,37.92824,-3.24549,-47.39953,9.40029,-30.66091,18.56256,33.35793,-24.22933,1.16108,0.55285,31.44023,69.25118,0.96071,-0.05197,0.04,-0.00805,-0.00094,0.08851,-0.1402,0.00476,0.00414,39.45808,-1.81218,-50.91549,8.0197,-29.92133,7.32896,33.58815,-28.01319,-1.13873,-0.13396,2.69319,35.52296,-1.78703,-0.06397,0.01156,-0.00937,-0.02756,0.0806,-0.07987,0.00917,0.03639
61.45833,40.42363,-1.19686,-49.5765,9.75605,-30.55486,6.26835,31.88203,-27.4937,-1.29726,-0.08526,6.7656,36.51182,-1.42789,-0.05391,0.01322,-0.01361,0.00377,0.0766,-0.07488,0.01527,0.05313,38.48093,-2.29461,-46.32671,10.31889,-31.19576,17.37882,32.40755,-25.03261,1.25468,0.91676,22.76549,72.62418,-0.36254,-0.05202,0.03475,-0.01175,-3e-05,0.08356,-0.14167,-0.0059,0.00166,40.03621,-1.29486,-49.89489,10.329,-30.41367,6.65943,32.17637,-30.20031,-1.12785,0.05075,4.17305,37.2615,-1.61865,-0.0616,0.0111,-0.0105,-0.03126,0.07589,-0.08126,0.01004,0.05696
63.54167,40.97355,-0.74294,-48.14805,11.71713,-31.02245,5.61453,30.59384,-29.16469,-1.26108,0.11803,9.01906,40.85196,-1.19741,-0.05122,0.01258,-0.01695,-0.00521,0.07481,-0.06959,0.01519,0.07012,39.15556,-1.34064,-45.17819,11.14036,-31.71573,16.01982,31.54954,-25.60034,1.31547,1.28462,15.68655,73.76608,-2.34902,-0.0528,0.02889,-0.01258,2e-05,0.07725,-0.13476,-0.02329,0.00071,40.5967,-0.8233,-48.50549,12.42105,-30.89025,5.98863,30.84874,-31.6238,-1.09709,0.2601,7.63554,41.45351,-1.34632,-0.05533,0.01063,-0.01247,-0.03251,0.07201,-0.07593,0.01241,0.07263
65.625,41.50868,-0.33727,-46.38411,13.33728,-31.47967,4.98495,29.44092,-30.1012,-1.20548,0.34758,12.13631,46.14471,-1.04668,-0.04825,0.01159,-0.02168,-0.01238,0.07474,-0.06189,0.01503,0.08377,39.91267,-0.40551,-43.97205,11.85542,-32.20205,14.55861,30.84226,-25.95253,1.35212,1.63962,10.21889,72.3383,-4.76552,-0.0511,0.02249,-0.01051,-0.00055,0.07005,-0.11894,-0.04643,0.00166,41.12736,-0.39727,-46.76414,14.14931,-31.34593,5.30114,29.6425,-32.23484,-1.04082,0.50138,12.58835,48.02826,-1.19693,-0.04771,0.01002,-0.01605,-0.03042,0.06974,-0.06389,0.01566,0.08434
67.70833,42.03331,0.02378,-44.34827,14.52176,-31.92795,4.38896,28.43019,-30.29657,-1.13066,0.60312,15.69508,51.84543,-1.00414,-0.04613,0.01056,-0.02724,-0.01584,0.0764,-0.05399,0.01441,0.09463,40.71531,0.48617,-42.71289,12.45173,-32.64728,13.11167,30.31961,-26.1102,1.36751,1.96341,5.39609,67.79799,-7.16715,-0.04508,0.01598,-0.00716,-0.00115,0.06283,-0.09594,-0.07261,0.00465,41.64214,-0.01601,-44.7182,15.40469,-31.78751,4.61555,28.5621,-32.04466,-0.95915,0.77687,17.93864,55.8495,-1.28305,-0.04205,0.00955,-0.02164,-0.02457,0.06993,-0.04919,0.01844,0.09291
69.79167,42.56642,0.34744,-42.13598,15.22146,-32.37294,3.83937,27.54748,-29.80438,-1.04135,0.88026,18.99928,57.04244,-1.00773,-0.04567,0.00993,-0.03237,-0.01511,0.07933,-0.04868,0.01244,0.10295,41.54018,1.3083,-41.39786,12.91395,-33.05307,11.81853,29.98464,-26.08705,1.35639,2.23643,-0.26409,59.43441,-8.95753,-0.0349,0.01008,-0.00504,-0.0011,0.05635,-0.06925,-0.09805,0.00953,42.1738,0.32381,-42.44972,16.12733,-32.23035,3.97104,27.59478,-31.1268,-0.85884,1.08096,22.28224,62.99172,-1.53225,-0.04082,0.00955,-0.02879,-0.01539,0.07288,-0.03791,0.01887,0.09862
71.875,43.13296,0.64335,-39.86889,15.43467,-32.82264,3.34284,26.77483,-28.73278,-0.9464,1.16991,21.24904,60.65548,-0.93648,-0.04693,0.0099,-0.03535,-0.01135,0.0825,-0.04777,0.00793,0.10867,42.38185,2.03601,-40.02849,13.22647,-33.42368,10.81218,29.81183,-25.88505,1.30656,2.43906,-8.08257,46.68122,-9.53787,-0.02255,0.00551,-0.00615,1e-05,0.05086,-0.04294,-0.11891,0.01597,42.75894,0.62897,-40.07553,16.31123,-32.69193,3.40492,26.7303,-29.61424,-0.75239,1.39938,24.31338,67.31094,-1.70757,-0.04453,0.01006,-0.0359,-0.0044,0.07786,-0.03499,0.01503,0.10133
73.95833,43.75334,0.92087,-37.68413,15.20257,-33.28491,2.89537,26.10516,-27.23183,-0.8572,1.45879,21.75096,61.70063,-0.67425,-0.049,0.01026,-0.03436,-0.00698,0.08447,-0.05082,-0.00035,0.11166,43.24869,2.64897,-38.62355,13.37815,-33.75904,10.1904,29.75702,-25.49612,1.20353,2.55425,-18.58135,29.59069,-8.50098,-0.01094,0.0027,-0.01082,0.00202,0.046,-0.02061,-0.13248,0.02355,43.42211,0.90864,-37.74029,16.00146,-33.18496,2.93412,25.97578,-27.68812,-0.65547,1.71114,23.21715,67.11967,-1.51325,-0.05134,0.01073,-0.04045,0.00604,0.08305,-0.04155,0.00551,0.10102
76.04167,44.43542,1.18609,-35.71866,14.5996,-33.76477,2.48736,25.54872,-25.47382,-0.78541,1.73121,20.10529,59.54563,-0.17702,-0.0503,0.01048,-0.02806,-0.00477,0.08369,-0.05487,-0.01322,0.11213,44.15293,3.13426,-37.22665,13.36735,-34.0506,9.99776,29.77102,-24.90968,1.03682,2.57142,-31.12324,9.24263,-5.7995,-0.00266,0.00158,-0.01711,0.00412,0.04099,-0.00448,-0.13797,0.03189,44.16565,1.1716,-35.60083,15.28444,-33.71248,2.55185,25.35915,-25.55582,-0.58347,1.99268,18.91302,61.73173,-0.74155,-0.05782,0.01093,-0.03971,0.01318,0.08599,-0.05368,-0.01017,0.09833
78.125,45.17166,1.43997,-34.09068,13.7206,-34.26187,2.11786,25.12914,-23.62905,-0.74057,1.97164,16.31561,54.07958,0.48768,-0.04911,0.00993,-0.01612,-0.00682,0.07906,-0.0553,-0.03069,0.11084,45.09929,3.48748,-35.90449,13.20517,-34.28203,10.22419,29.81215,-24.12313,0.80573,2.4905,-43.96788,-12.15234,-1.81782,0.00102,0.00156,-0.02122,0.00498,0.03507,0.00484,-0.13666,0.04079,44.96881,1.42322,-33.80329,14.27298,-34.26605,2.24291,24.91989,-23.4208,-0.54812,2.22305,12.07122,51.68531,0.60409,-0.06026,0.01006,-0.03164,0.0147,0.08443,-0.06356,-0.0313,0.09483
80.20833,45.94196,1.67853,-32.88163,12.6667,-34.76769,1.81285,24.87156,-21.84117,-0.72825,2.16748,10.79285,45.74656,1.14928,-0.04432,0.00827,0.00054,-0.01376,0.0703,-0.04762,-0.0518,0.10912,46.07709,3.71155,-34.73486,12.91521,-34.4342,10.81941,29.85349,-23.15112,0.52228,2.32436,-54.73339,-31.59335,2.69234,0.0006,0.00173,-0.01884,0.00312,0.02791,0.00815,-0.13142,0.05024,45.79574,1.66358,-32.45764,13.08847,-34.82648,2.01207,24.69115,-21.44972,-0.55505,2.38862,3.90393,38.56822,2.26661,-0.0562,0.00789,-0.0158,0.00941,0.07713,-0.06254,-0.05603,0.09271
82.29167,46.72003,1.89553,-32.12316,11.53217,-35.26293,1.639,24.78848,-20.2076,-0.74923,2.31126,4.25797,35.43585,1.59091,-0.0359,0.0056,0.01981,-0.02451,0.05813,-0.02941,-0.07465,0.10842,47.0589,3.81364,-33.78793,12.52944,-34.49214,11.71657,29.88321,-22.02929,0.21025,2.09817,-61.10927,-46.03229,6.80411,-0.00195,0.00118,-0.00686,-0.00264,0.01987,0.00709,-0.12568,0.06042,46.60803,1.88824,-31.61657,11.84333,-35.36571,1.91191,24.68121,-19.74558,-0.603,2.48571,-4.19019,24.51315,3.79902,-0.04545,0.00476,0.00625,-0.00223,0.0644,-0.0448,-0.08172,0.09402
84.375,47.48049,2.08642,-31.79295,10.39388,-35.71538,1.70519,24.86985,-18.76996,-0.79976,2.40163,-2.4237,24.26623,1.63342,-0.02497,0.00254,0.03889,-0.0366,0.04407,-0.0017,-0.09669,0.10976,48.00629,3.80115,-33.10719,12.0808,-34.45049,12.8554,29.89917,-20.81018,-0.09957,1.84513,-61.57855,-53.29334,9.67744,-0.00411,-0.00061,0.01519,-0.01268,0.01189,0.00345,-0.12226,0.07157,47.37638,2.09138,-31.26523,10.62661,-35.84828,2.0554,24.86286,-18.33473,-0.6847,2.52039,-11.00445,11.54856,4.7154,-0.03016,0.00153,0.03115,-0.01808,0.04813,-0.01026,-0.10546,0.09977
86.45833,48.2037,2.2518,-31.82147,9.3049,-36.07961,2.14754,25.082,-17.51699,-0.87283,2.44292,-8.42744,13.3335,1.21303,-0.01348,-1e-05,0.05499,-0.04705,0.03001,0.03088,-0.11532,0.11327,48.87989,3.6784,-32.69704,11.5949,-34.31514,14.19586,29.90112,-19.55164,-0.37651,1.59917,-55.90772,-52.83555,10.80329,-0.00387,-0.00356,0.0445,-0.02639,0.00518,-0.00129,-0.12256,0.08379,48.0865,2.26994,-31.32608,9.49544,-36.23196,2.6031,25.1759,-17.17238,-0.78905,2.50574,-15.80324,1.0372,4.67269,-0.01398,-0.00078,0.05459,-0.03486,0.03114,0.0346,-0.12465,0.10924
88.54167,48.87736,2.39827,-32.10868,8.29297,-36.29962,3.10031,25.37607,-16.39914,-0.95998,2.44342,-13.12524,3.49703,0.4198,-0.00353,-0.00125,0.06607,-0.05333,0.01762,0.06142,-0.12836,0.11793,49.64946,3.44521,-32.52213,11.08321,-34.10005,15.71785,29.88463,-18.30149,-0.59725,1.38683,-45.24714,-46.04746,10.14534,-0.00052,-0.00703,0.07565,-0.04218,0.00066,-0.00614,-0.12614,0.09687,48.73792,2.42653,-31.67865,8.47341,-36.46828,3.72502,25.54273,-16.16565,-0.90399,2.45747,-18.42399,-6.607,3.6113,-0.00063,-0.0014,0.07254,-0.049,0.01625,0.07861,-0.13749,0.11993
90.625,49.49533,2.53522,-32.54674,7.36367,-36.31544,4.66043,25.70279,-15.3506,-1.0531,2.41307,-16.17869,-4.73811,-0.52122,0.00338,-0.00086,0.07137,-0.05421,0.00786,0.08282,-0.13461,0.12184,50.30002,3.09808,-32.51904,10.54027,-33.82096,17.4088,29.83969,-17.08358,-0.75091,1.22076,-31.82039,-35.91492,8.12894,0.00512,-0.01005,0.10216,-0.05777,-0.00141,-0.01053,-0.13115,0.11017,49.33752,2.56861,-32.18907,7.55586,-36.50493,5.54814,25.89159,-15.20725,-1.01907,2.38948,-19.19295,-11.84508,1.79639,0.00746,-0.00027,0.08241,-0.05764,0.00538,0.10964,-0.14325,0.12825
92.70833,50.05552,2.66789,-33.04296,6.50713,-36.07349,6.85682,26.02753,-14.31216,-1.14587,2.36115,-17.55679,-11.22414,-1.32193,0.00679,0.00089,0.07149,-0.05006,0.00081,0.09015,-0.13402,0.12286,50.83162,2.63334,-32.61657,9.94594,-33.48881,19.24596,29.75464,-15.89063,-0.84056,1.09726,-18.31695,-26.13294,5.48215,0.01115,-0.01171,0.11856,-0.07077,-0.00153,-0.01406,-0.13506,0.12255,49.89191,2.70309,-32.74131,6.72014,-36.29158,8.10764,26.17847,-14.20968,-1.12718,2.31092,-18.71087,-15.64087,-0.26063,0.01,0.00194,0.08378,-0.0594,-0.00108,0.1189,-0.14222,0.1307
94.79167,50.55856,2.78843,-33.53677,5.70667,-35.53907,9.6346,26.33973,-13.24837,-1.23443,2.29468,-17.48728,-16.08017,-1.72998,0.00739,0.00314,0.06816,-0.04257,-0.0042,0.08227,-0.12762,0.11941,51.25325,2.05116,-32.75766,9.27216,-33.10597,21.18247,29.62344,-14.68686,-0.88101,0.99877,-7.19145,-19.94948,2.98662,0.01543,-0.0115,0.12214,-0.07922,-0.00081,-0.01635,-0.13561,0.13257,50.40293,2.82727,-33.261,5.93789,-35.78974,11.32011,26.39938,-13.12939,-1.22512,2.22531,-17.60295,-18.95894,-1.97363,0.00869,0.00402,0.07838,-0.0547,-0.00418,0.10416,-0.13555,0.12521
96.875,51.00803,2.8684,-34.00642,4.94691,-34.708,12.85955,26.65281,-12.15464,-1.31735,2.2179,-16.36464,-19.55871,-1.61726,0.00665,0.00488,0.06352,-0.03407,-0.00817,0.06208,-0.11723,0.11107,51.57398,1.35874,-32.91539,8.49254,-32.66712,23.14436,29.45287,-13.42056,-0.89377,0.9008,-0.08566,-19.14596,1.22836,0.01655,-0.00953,0.11375,-0.08205,-0.00044,-0.01706,-0.13159,0.13869,50.86828,2.91914,-33.72521,5.18605,-34.98497,14.98993,26.5882,-11.97399,-1.31312,2.13205,-16.32548,-22.34008,-2.88235,0.0063,0.00474,0.06944,-0.04548,-0.00582,0.07059,-0.12487,0.11199
98.95833,51.41126,2.85602,-34.46422,4.21944,-33.61383,16.3414,26.9951,-11.05311,-1.39497,2.13271,-14.64213,-21.92714,-1.02389,0.0061,0.00534,0.0595,-0.02667,-0.01189,0.03537,-0.10497,0.09891,51.79521,0.57141,-33.09765,7.59162,-32.16426,25.04054,29.26585,-12.04268,-0.90093,0.7807,2.47098,-23.5247,0.43584,0.01433,-0.00649,0.09732,-0.07928,-0.00119,-0.01599,-0.12309,0.13967,51.28598,2.93137,-34.15627,4.45382,-33.89782,18.84813,26.80103,-10.79187,-1.3935,2.02907,-15.08541,-25.7183,-2.80619,0.00534,0.00345,0.06052,-0.03458,-0.00786,0.02875,-0.11191,0.09364
