stride_pct,RL | leg1_a angle (deg),RL | leg1_e angle (deg),RL | leg2_a angle (deg),RL | leg2_e angle (deg),RL | leg3_a angle (deg),RL | leg3_e angle (deg),RL | leg4_a angle (deg),RL | leg4_e angle (deg),RL | spine angle (deg),RL | IMU pitch (deg),RL | IMU roll (deg),RL | pitch rate (deg/s),RL | roll rate (deg/s),RL | yaw rate (deg/s),RL | leg1_a torque (N m),RL | leg1_e torque (N m),RL | leg2_a torque (N m),RL | leg2_e torque (N m),RL | leg3_a torque (N m),RL | leg3_e torque (N m),RL | leg4_a torque (N m),RL | leg4_e torque (N m),RL | spine torque (N m),1 sine | leg1_a angle (deg),1 sine | leg1_e angle (deg),1 sine | leg2_a angle (deg),1 sine | leg2_e angle (deg),1 sine | leg3_a angle (deg),1 sine | leg3_e angle (deg),1 sine | leg4_a angle (deg),1 sine | leg4_e angle (deg),1 sine | spine angle (deg),1 sine | IMU pitch (deg),1 sine | IMU roll (deg),1 sine | pitch rate (deg/s),1 sine | roll rate (deg/s),1 sine | yaw rate (deg/s),1 sine | leg1_a torque (N m),1 sine | leg1_e torque (N m),1 sine | leg2_a torque (N m),1 sine | leg2_e torque (N m),1 sine | leg3_a torque (N m),1 sine | leg3_e torque (N m),1 sine | leg4_a torque (N m),1 sine | leg4_e torque (N m),1 sine | spine torque (N m),3 sines | leg1_a angle (deg),3 sines | leg1_e angle (deg),3 sines | leg2_a angle (deg),3 sines | leg2_e angle (deg),3 sines | leg3_a angle (deg),3 sines | leg3_e angle (deg),3 sines | leg4_a angle (deg),3 sines | leg4_e angle (deg),3 sines | spine angle (deg),3 sines | IMU pitch (deg),3 sines | IMU roll (deg),3 sines | pitch rate (deg/s),3 sines | roll rate (deg/s),3 sines | yaw rate (deg/s),3 sines | leg1_a torque (N m),3 sines | leg1_e torque (N m),3 sines | leg2_a torque (N m),3 sines | leg2_e torque (N m),3 sines | leg3_a torque (N m),3 sines | leg3_e torque (N m),3 sines | leg4_a torque (N m),3 sines | leg4_e torque (N m),3 sines | spine torque (N m),6 sines | leg1_a angle (deg),6 sines | leg1_e angle (deg),6 sines | leg2_a angle (deg),6 sines | leg2_e angle (deg),6 sines | leg3_a angle (deg),6 sines | leg3_e angle (deg),6 sines | leg4_a angle (deg),6 sines | leg4_e angle (deg),6 sines | spine angle (deg),6 sines | IMU pitch (deg),6 sines | IMU roll (deg),6 sines | pitch rate (deg/s),6 sines | roll rate (deg/s),6 sines | yaw rate (deg/s),6 sines | leg1_a torque (N m),6 sines | leg1_e torque (N m),6 sines | leg2_a torque (N m),6 sines | leg2_e torque (N m),6 sines | leg3_a torque (N m),6 sines | leg3_e torque (N m),6 sines | leg4_a torque (N m),6 sines | leg4_e torque (N m),6 sines | spine torque (N m)
1.04167,54.31624,2.34274,-9.33211,33.01328,0.51285,45.00914,33.65628,-19.21682,0.33495,0.56863,2.43019,6.72679,7.51733,-0.50225,-0.00815,0.00914,0.05556,-0.09014,0.01106,-0.02325,-0.11777,0.11195,-0.07102,54.6108,-2.79439,-11.87924,33.57754,-5.64124,45.09062,40.30694,-25.82298,0.05695,1.92875,4.37093,-59.72069,-93.77515,15.77115,-0.01963,-0.01593,0.00584,-0.00392,-0.01273,-0.01403,-0.13465,0.13664,-0.02875,54.03454,1.62642,-9.73529,33.09077,-0.17823,44.72616,34.41918,-17.887,0.38758,0.43903,2.35048,-3.38719,-11.96006,-0.62139,-0.01739,0.00035,0.05953,-0.09153,-0.00248,-0.01903,-0.13572,0.13977,-0.06858,54.34237,2.15436,-9.40935,32.61173,0.52934,45.24418,34.13881,-18.66516,0.07563,0.79213,2.53608,-3.33722,-7.15304,-0.16132,-0.00922,0.00523,0.06033,-0.0967,0.00614,-0.01965,-0.13118,0.13144,-0.0709
3.125,54.38041,2.26653,-8.33179,32.5897,0.09684,45.67862,34.21252,-17.97035,0.52368,0.5422,2.41757,-0.59992,-0.22413,-0.52495,0.00373,0.00679,0.06559,-0.10683,-0.00844,-0.00698,-0.13023,0.12777,-0.07146,54.6492,-3.8972,-11.01073,32.66638,-6.80882,45.39831,40.48095,-24.59028,0.32609,1.58188,3.91846,-66.33577,-87.82174,14.52337,-0.01157,-0.00784,0.03092,-0.03288,-0.00758,-0.00163,-0.12623,0.13019,-0.03277,54.04996,1.41979,-8.77879,32.68784,-0.66717,45.30927,34.94745,-16.83847,0.56341,0.39028,2.26014,-8.04374,-15.5716,-0.59125,0.00098,-0.00734,0.076,-0.11774,-0.01481,0.00148,-0.14219,0.15465,-0.0682,54.36651,2.06358,-8.47196,32.24996,0.11786,45.92688,34.7072,-17.60343,0.25616,0.7389,2.45434,-7.37697,-11.32116,-0.22197,0.00651,0.00697,0.07528,-0.12078,-0.01077,0.00028,-0.14098,0.14998,-0.07091
5.20833,54.44003,1.85959,-7.42615,32.38203,-0.83883,46.23328,34.70833,-16.78733,0.75427,0.47157,2.37653,-7.96348,-6.32668,-0.66629,0.01062,-0.00258,0.06781,-0.11081,-0.02998,0.00344,-0.13264,0.13437,-0.06784,54.49665,-5.11434,-10.30013,32.05147,-8.09488,45.56407,40.51883,-23.25338,0.64689,1.23301,3.53379,-66.15566,-72.81326,10.63108,-0.00495,-0.00031,0.0645,-0.06741,-0.00109,0.00517,-0.12175,0.12443,-0.03854,54.10823,0.85206,-7.91754,32.48405,-1.64779,45.8162,35.32671,-15.72587,0.7613,0.32115,2.16827,-10.90399,-16.13695,-0.87746,0.0146,-0.01092,0.08088,-0.12737,-0.0165,0.0136,-0.13842,0.14873,-0.06498,54.40508,1.60925,-7.63344,32.10004,-0.85281,46.50859,35.10917,-16.47463,0.47626,0.65835,2.36411,-10.61941,-13.60044,-0.55907,0.01587,0.00391,0.07847,-0.12645,-0.02578,0.01149,-0.1397,0.14834,-0.06665
7.29167,54.51909,0.97603,-6.56283,32.29906,-2.40202,46.63652,35.11292,-15.57739,1.03274,0.35758,2.31222,-15.6334,-11.40564,-0.89478,0.01281,-0.01879,0.06315,-0.10369,-0.04832,0.00808,-0.12744,0.13135,-0.06171,54.14035,-6.41368,-9.7311,31.68661,-9.46149,45.60073,40.47087,-21.85764,1.01682,0.90194,3.23009,-61.8953,-55.56048,5.58451,-0.00042,0.0042,0.09805,-0.1001,0.00437,0.00643,-0.12312,0.12332,-0.04589,54.23681,-0.18797,-7.07794,32.37297,-3.21572,46.23894,35.55384,-14.50194,0.99235,0.23064,2.07715,-13.58399,-16.48013,-1.28735,0.02111,-0.00759,0.07459,-0.12058,-0.00763,0.01656,-0.12815,0.12959,-0.06033,54.48789,0.62764,-6.80891,32.04098,-2.51467,46.95703,35.35438,-15.21323,0.74546,0.54658,2.26952,-14.94898,-16.12528,-1.06519,0.01841,-0.00521,0.07125,-0.11546,-0.03449,0.01395,-0.13079,0.13288,-0.06005
9.375,54.61325,-0.49544,-5.71781,32.27611,-4.61247,46.84987,35.45903,-14.31865,1.36227,0.20233,2.22744,-23.55725,-16.05865,-1.11308,0.0124,-0.03793,0.05453,-0.09032,-0.05798,0.00874,-0.1184,0.12174,-0.05524,53.58088,-7.76288,-9.23184,31.4931,-10.86295,45.50703,40.37378,-20.43964,1.42304,0.59747,2.99315,-56.27323,-42.14358,1.07055,0.00228,0.00512,0.12228,-0.12392,0.00715,0.00446,-0.12836,0.12704,-0.05393,54.41461,-1.78736,-6.22289,32.29305,-5.39656,46.53976,35.70672,-13.22069,1.26633,0.11483,1.9791,-17.22781,-18.6874,-1.55015,0.02079,0.00301,0.06139,-0.10287,0.00771,0.01306,-0.11555,0.10826,-0.05572,54.60349,-1.00483,-5.96214,32.00023,-4.89724,47.22561,35.53542,-13.86427,1.0693,0.39816,2.16602,-21.31023,-20.09205,-1.51683,0.0162,-0.01825,0.05847,-0.09515,-0.03396,0.01084,-0.11879,0.11441,-0.0535
11.45833,54.69099,-2.59144,-4.89788,32.28054,-7.38234,46.84038,35.80498,-13.04034,1.7402,0.01116,2.12468,-31.14924,-20.43702,-1.19452,0.0119,-0.05366,0.04539,-0.07663,-0.05564,0.00782,-0.10892,0.10977,-0.05042,52.82976,-9.1272,-8.70775,31.38859,-12.25025,45.26962,40.23503,-19.01417,1.84214,0.32147,2.79388,-50.99641,-35.69717,-1.71124,0.00411,0.00369,0.131,-0.13478,0.00682,0.00238,-0.1331,0.13222,-0.06111,54.57509,-3.97009,-5.36149,32.22999,-8.12109,46.66036,35.88712,-11.97804,1.58595,-0.02788,1.86415,-21.90757,-23.089,-1.46675,0.01624,0.01811,0.04715,-0.08239,0.02326,0.00759,-0.10376,0.09319,-0.05203,54.70618,-3.32065,-5.11071,31.95949,-7.89813,47.26494,35.76158,-12.52408,1.445,0.21239,2.04672,-29.12169,-25.17242,-1.67638,0.01239,-0.03036,0.04582,-0.0749,-0.02418,0.00662,-0.10746,0.10138,-0.04887
13.54167,54.69964,-5.24927,-4.12643,32.30402,-10.52676,46.58898,36.19545,-11.78953,2.15635,-0.2061,2.00795,-37.3708,-24.16407,-1.03739,0.0128,-0.05992,0.03817,-0.06714,-0.04176,0.00714,-0.10077,0.09858,-0.04834,51.90732,-10.46879,-8.08229,31.31566,-13.57746,44.87321,40.04309,-17.57685,2.24532,0.07296,2.60384,-46.52499,-35.71537,-2.44478,0.00612,0.00191,0.12332,-0.13271,0.00432,0.00231,-0.13288,0.13387,-0.06576,54.62465,-6.66823,-4.53421,32.19798,-11.22557,46.54529,36.16464,-10.84611,1.94463,-0.19309,1.72781,-26.66437,-28.27608,-1.01776,0.01098,0.03281,0.0366,-0.0664,0.03356,0.00404,-0.09417,0.08654,-0.04939,54.73158,-6.23161,-4.30214,31.93626,-11.29468,47.04088,36.09845,-11.27256,1.8601,-0.00271,1.90923,-36.51096,-29.83869,-1.40586,0.00955,-0.03608,0.03716,-0.06192,-0.00818,0.00461,-0.09849,0.09565,-0.04698
15.625,54.57066,-8.30757,-3.42304,32.34971,-13.80041,46.09513,36.64047,-10.60191,2.59343,-0.43542,1.88305,-41.0796,-26.63638,-0.61062,0.01478,-0.05353,0.03344,-0.0634,-0.02052,0.0073,-0.09389,0.0892,-0.049,50.84093,-11.74923,-7.32766,31.25898,-14.80791,44.31242,39.79335,-16.11835,2.60722,-0.15004,2.40656,-42.53398,-39.04933,-1.64975,0.00876,0.0013,0.10359,-0.12129,0.00135,0.00432,-0.12527,0.12821,-0.06687,54.46662,-9.71863,-3.78396,32.21377,-14.4792,46.16649,36.54838,-9.83733,2.32875,-0.37041,1.57484,-30.08916,-32.09974,-0.36905,0.00778,0.04217,0.0315,-0.05847,0.03638,0.00384,-0.08659,0.08451,-0.0474,54.60895,-9.53447,-3.57816,31.9555,-14.79345,46.54857,36.54285,-10.13412,2.29443,-0.23087,1.75881,-41.21648,-32.37948,-0.73299,0.0085,-0.03189,0.03313,-0.05842,0.00925,0.00557,-0.09134,0.09293,-0.04755
17.70833,54.2216,-11.53224,-2.78962,32.42292,-16.94574,45.37436,37.11953,-9.48982,3.0294,-0.66062,1.75581,-41.48529,-27.51975,0.03133,0.01609,-0.03575,0.03021,-0.06396,0.00182,0.00786,-0.08715,0.081,-0.05148,49.66219,-12.93426,-6.47175,31.24496,-15.91724,43.59792,39.51169,-14.6405,2.91399,-0.35063,2.2005,-38.62338,-41.94669,-0.26496,0.01154,0.00211,0.07907,-0.10576,-0.0004,0.00674,-0.11068,0.11467,-0.06464,54.01948,-12.8896,-3.13034,32.27937,-17.62849,45.53406,36.99615,-8.91241,2.72202,-0.54661,1.41674,-31.06742,-33.06282,0.22811,0.00759,0.04356,0.0304,-0.05763,0.03329,0.00579,-0.08001,0.08102,-0.04566,54.26287,-12.95123,-2.94848,32.02883,-18.09742,45.81302,37.04049,-9.08224,2.7245,-0.45203,1.60626,-41.66441,-32.01306,0.16432,0.00856,-0.01797,0.03158,-0.06156,0.02351,0.00785,-0.08431,0.08709,-0.0496
19.79167,53.55725,-14.65886,-2.20988,32.53005,-19.7355,44.44925,37.60322,-8.44843,3.44115,-0.86661,1.62911,-38.49738,-27.13561,0.77045,0.01495,-0.01169,0.02689,-0.0657,0.01947,0.00814,-0.07964,0.07311,-0.05442,48.40222,-13.99818,-5.58006,31.32575,-16.89184,42.75262,39.26018,-13.16413,3.16606,-0.53343,1.99385,-34.77394,-42.03181,0.88578,0.01338,0.00344,0.05667,-0.09085,-0.00016,0.0076,-0.09195,0.09631,-0.0604,53.22288,-15.92786,-2.56087,32.3826,-20.44185,44.68633,37.45047,-8.01936,3.10909,-0.70963,1.26465,-29.27397,-31.31031,0.58473,0.00963,0.0379,0.03015,-0.05987,0.02818,0.00743,-0.07359,0.0723,-0.04417,53.60675,-16.18847,-2.3877,32.15196,-20.96385,44.87426,37.52989,-8.07553,3.12787,-0.64845,1.46153,-37.67036,-29.46909,1.04484,0.00873,0.00173,0.02946,-0.06579,0.03183,0.00908,-0.07609,0.07521,-0.05197
21.875,52.47679,-17.43749,-1.66081,32.68442,-21.99722,43.3388,38.07582,-7.4709,3.80795,-1.04236,1.50048,-32.80582,-26.48961,1.47134,0.01102,0.01184,0.02246,-0.06577,0.02922,0.00803,-0.07159,0.0655,-0.05651,47.08567,-14.92521,-4.72329,31.55581,-17.72315,41.80027,39.12064,-11.72516,3.37377,-0.70353,1.79567,-31.3004,-39.25825,1.46103,0.01344,0.00392,0.04043,-0.07931,0.0015,0.00622,-0.07286,0.07817,-0.05603,52.03367,-18.60725,-2.04219,32.51302,-22.73947,43.66469,37.8777,-7.13411,3.47609,-0.85118,1.12162,-25.20209,-28.66027,0.68367,0.01247,0.029,0.02798,-0.06082,0.02468,0.0071,-0.06735,0.05942,-0.04326,52.53953,-18.99326,-1.85443,32.31915,-23.23242,43.76483,37.98329,-7.09669,3.48599,-0.80929,1.32686,-30.45053,-26.71857,1.71405,0.00905,0.02104,0.02488,-0.06632,0.03383,0.0081,-0.06695,0.05988,-0.05366
23.95833,50.89301,-19.66753,-1.12761,32.91285,-23.61819,42.05295,38.54446,-6.55985,4.11396,-1.18261,1.36178,-25.66599,-26.89171,2.02802,0.00609,0.02905,0.01715,-0.06304,0.0313,0.00824,-0.06458,0.05918,-0.0569,45.72679,-15.70681,-3.94714,31.97151,-18.40072,40.75381,39.16543,-10.36279,3.54796,-0.86365,1.60874,-28.4326,-35.47934,1.63707,0.01188,0.00276,0.03078,-0.07167,0.003,0.00391,-0.05669,0.06483,-0.05293,50.42121,-20.76095,-1.54269,32.68201,-24.40256,42.48866,38.28765,-6.27625,3.80845,-0.96684,0.97902,-19.80603,-27.65728,0.68586,0.01532,0.02148,0.02305,-0.05825,0.02386,0.00534,-0.06215,0.04744,-0.04327,50.95882,-21.18702,-1.31882,32.54291,-24.82012,42.49338,38.4204,-6.1679,3.7849,-0.93183,1.19332,-22.00856,-26.00545,2.09854,0.0111,0.03412,0.01821,-0.06169,0.03098,0.00602,-0.05885,0.04745,-0.054
26.04167,48.76348,-21.21659,-0.61235,33.25629,-24.53864,40.59705,39.03055,-5.72737,4.34909,-1.28772,1.20179,-18.49536,-29.34508,2.38961,0.00332,0.0373,0.01217,-0.05849,0.02867,0.00984,-0.06064,0.05527,-0.05529,44.33088,-16.33636,-3.25876,32.58154,-18.90787,39.61209,39.43127,-9.10859,3.69089,-1.01112,1.42819,-25.90875,-33.03,1.84238,0.00999,0.00018,0.02566,-0.06702,0.00258,0.00322,-0.04523,0.05821,-0.05132,48.37203,-22.28891,-1.05195,32.93285,-25.36734,41.14802,38.72438,-5.49157,4.0885,-1.05436,0.81925,-14.0444,-30.17274,0.82643,0.01867,0.01822,0.01673,-0.05307,0.02373,0.00462,-0.05934,0.04188,-0.04412,48.79519,-22.67161,-0.78094,32.8646,-25.69644,41.04619,38.88942,-5.3345,4.0146,-1.0194,1.04324,-14.27588,-28.7078,2.24861,0.01709,0.03774,0.01162,-0.05422,0.02536,0.00563,-0.05449,0.04351,-0.0526
28.125,46.12498,-22.02429,-0.1314,33.7618,-24.74476,38.98561,39.55115,-4.98453,4.50853,-1.3621,1.01067,-12.46146,-34.0142,2.55678,0.00549,0.03758,0.00886,-0.05432,0.02524,0.01321,-0.06106,0.05396,-0.05197,42.90248,-16.8048,-2.63444,33.36984,-19.22339,38.36896,39.90988,-7.98398,3.79288,-1.13713,1.24589,-22.94075,-33.19308,2.38432,0.00955,-0.00266,0.02248,-0.06406,-0.00054,0.00612,-0.03878,0.05677,-0.05017,45.90735,-23.14565,-0.58498,33.33302,-25.61551,39.61975,39.23612,-4.81557,4.29605,-1.11229,0.62407,-8.61562,-36.32051,1.25813,0.02383,0.01892,0.01146,-0.04841,0.02086,0.00759,-0.05986,0.04491,-0.04514,46.05896,-23.41501,-0.2692,33.34722,-25.86045,39.40889,39.43027,-4.62976,4.16845,-1.07792,0.85773,-8.45908,-34.6297,2.27473,0.02806,0.03231,0.00758,-0.04818,0.0187,0.00938,-0.05572,0.04868,-0.04945
30.20833,43.11615,-22.09723,0.2962,34.46805,-24.26897,37.25887,40.10448,-4.3285,4.59152,-1.41205,0.78483,-8.22001,-40.04811,2.5576,0.01303,0.03336,0.00784,-0.05246,0.02417,0.01725,-0.06537,0.05394,-0.04771,41.45773,-17.10005,-2.04225,34.3069,-19.3296,37.03172,40.5589,-7.0079,3.83721,-1.22939,1.05738,-18.63505,-35.40261,3.20162,0.01152,-0.00443,0.01978,-0.06182,-0.0054,0.01214,-0.03648,0.05663,-0.0479,43.10736,-23.32284,-0.1693,33.95076,-25.17173,37.90285,39.84395,-4.24362,4.41305,-1.14038,0.38427,-3.99389,-44.27441,1.93217,0.03149,0.02051,0.00912,-0.0475,0.01303,0.01481,-0.06367,0.05362,-0.04546,42.87844,-23.43253,0.17925,34.05248,-25.33607,37.59869,40.04527,-4.04554,4.24351,-1.11333,0.62598,-4.86938,-42.07164,2.26061,0.04219,0.02138,0.00719,-0.04702,0.01219,0.01722,-0.06225,0.05767,-0.04499
32.29167,39.97367,-21.50072,0.66196,35.39116,-23.19599,35.49236,40.67025,-3.73682,4.60006,-1.44396,0.52973,-5.8702,-45.85416,2.42145,0.02311,0.02866,0.00851,-0.05335,0.02683,0.01921,-0.07121,0.05303,-0.04361,40.03483,-17.21118,-1.46639,35.36233,-19.22409,35.63918,41.3249,-6.2087,3.81105,-1.2777,0.86689,-12.61403,-37.56228,3.88179,0.01499,-0.00433,0.01765,-0.05976,-0.00929,0.01773,-0.03697,0.05364,-0.0435,40.12802,-22.84097,0.17664,34.82723,-24.10996,36.05215,40.52802,-3.72869,4.43086,-1.14184,0.10616,-0.63741,-51.07608,2.58896,0.04036,0.01919,0.00987,-0.0515,0.00155,0.02338,-0.06943,0.06157,-0.04454,39.50666,-22.77651,0.5434,35.01371,-24.18696,35.68923,40.69668,-3.52899,4.24154,-1.13104,0.35186,-3.20155,-48.60078,2.20724,0.05449,0.00996,0.00947,-0.05118,0.007,0.02565,-0.07131,0.06247,-0.04029
34.375,36.99609,-20.34979,0.97446,36.51742,-21.66589,33.79222,41.22546,-3.17391,4.53779,-1.4634,0.25967,-5.08726,-49.69083,2.16776,0.03031,0.02631,0.00945,-0.05561,0.03304,0.0156,-0.07519,0.04953,-0.04087,38.69592,-17.1353,-0.92076,36.5122,-18.92968,34.26815,42.16468,-5.63156,3.71642,-1.27951,0.68744,-5.40874,-37.21884,3.91606,0.01697,-0.00239,0.01685,-0.05733,-0.00863,0.01746,-0.03867,0.04551,-0.03736,37.19615,-21.75548,0.46003,35.95786,-22.56101,34.19015,41.23877,-3.20954,4.35582,-1.12562,-0.18845,0.88637,-53.99041,2.87222,0.04676,0.01309,0.01209,-0.05868,-0.00844,0.02764,-0.07476,0.06247,-0.0428,36.28394,-21.53809,0.83311,36.21884,-22.53679,33.81197,41.33263,-3.00861,4.16954,-1.13699,0.05481,-2.98278,-52.08657,2.04088,0.05822,0.00252,0.01201,-0.05768,0.00498,0.02867,-0.07861,0.05748,-0.03692
36.45833,34.48218,-18.79768,1.25574,37.80606,-19.86359,32.27474,41.76537,-2.60772,4.40929,-1.47495,-0.00547,-5.32762,-50.29787,1.81461,0.02889,0.02718,0.00923,-0.05676,0.0419,0.00365,-0.07427,0.04327,-0.0405,37.51685,-16.88315,-0.44612,37.7389,-18.49724,33.02188,43.05348,-5.33451,3.57448,-1.24209,0.53588,1.69268,-32.88478,3.02494,0.01343,0.0008,0.01761,-0.0536,-0.00037,0.00653,-0.03992,0.03284,-0.03142,34.57646,-20.1705,0.71435,37.2918,-20.70871,32.48552,41.92549,-2.65274,4.2092,-1.1065,-0.46877,0.04684,-51.69329,2.51127,0.04566,0.00381,0.01346,-0.0651,-0.00998,0.02148,-0.07696,0.05391,-0.04157,33.56257,-19.8532,1.08515,37.61178,-20.57421,32.12833,41.9248,-2.43509,4.03847,-1.13865,-0.23544,-3.86718,-51.47122,1.67857,0.04784,0.00161,0.01246,-0.0618,0.0087,0.02046,-0.08,0.04344,-0.03654
38.54167,32.66304,-17.01854,1.52983,39.20022,-17.99038,31.03708,42.31518,-2.02881,4.21964,-1.48229,-0.24517,-6.00532,-47.28256,1.39757,0.01545,0.03056,0.00725,-0.05448,0.05268,-0.01722,-0.0671,0.03569,-0.04287,36.56716,-16.47951,-0.09448,39.02569,-17.99821,32.00268,43.97815,-5.37321,3.41998,-1.17954,0.42582,7.31947,-24.78023,1.35478,0.00117,0.0048,0.01881,-0.04746,0.01657,-0.0166,-0.03906,0.01857,-0.02829,32.51739,-18.24525,0.98289,38.74869,-18.76595,31.10375,42.56484,-2.0835,4.01995,-1.10143,-0.70491,-3.26255,-44.70276,1.47686,0.03291,-0.00399,0.01235,-0.06662,0.00224,0.00152,-0.07386,0.03858,-0.04254,31.61856,-17.89961,1.34329,39.11109,-18.52859,30.78205,42.49296,-1.81386,3.86001,-1.14426,-0.488,-5.61474,-46.94168,1.10874,0.02182,0.00748,0.00987,-0.0596,0.02058,-0.00171,-0.07327,0.02719,-0.04012
40.625,31.65123,-15.18343,1.8104,40.6402,-16.22317,30.13098,42.92291,-1.46382,3.97413,-1.48812,-0.44301,-6.59376,-41.12419,0.98162,-0.00924,0.03519,0.00405,-0.04781,0.06505,-0.04477,-0.05448,0.02864,-0.04749,35.88814,-15.95736,0.08974,40.3505,-17.50796,31.27934,44.92247,-5.78199,3.28738,-1.10577,0.36241,10.84128,-14.63941,-0.56934,-0.0203,0.00989,0.01833,-0.0382,0.04069,-0.04894,-0.03477,0.00645,-0.02996,31.19378,-16.1803,1.29403,40.24381,-16.93266,30.15094,43.17273,-1.58736,3.81279,-1.12323,-0.8766,-8.34594,-34.90111,0.02685,0.00754,-0.00484,0.00877,-0.06089,0.0288,-0.03081,-0.06459,0.02248,-0.04669,30.58321,-15.87581,1.63443,40.63527,-16.61907,29.85229,43.09958,-1.21259,3.64248,-1.16022,-0.67967,-7.84679,-39.52774,0.43476,-0.016,0.01852,0.00524,-0.05002,0.04131,-0.0356,-0.05901,0.01729,-0.0473
42.70833,31.42473,-13.43358,2.0936,42.07328,-14.67611,29.55087,43.63554,-0.97879,3.67827,-1.49383,-0.58958,-6.67004,-32.857,0.6528,-0.04019,0.04019,0.00096,-0.03753,0.07872,-0.07447,-0.03899,0.02264,-0.05294,35.47891,-15.348,0.08186,41.68361,-17.08526,30.86359,45.85674,-6.56116,3.19538,-1.02704,0.34152,12.82703,-4.76374,-2.10075,-0.04796,0.01705,0.01439,-0.02624,0.06824,-0.08377,-0.0266,-0.00081,-0.03661,30.66761,-14.18115,1.64181,41.7091,-15.34938,29.63679,43.79376,-1.28305,3.59726,-1.17452,-0.97734,-13.65197,-24.48746,-1.38594,-0.02705,0.00454,0.00419,-0.04847,0.06447,-0.06933,-0.04997,0.01113,-0.05353,30.42082,-13.96364,1.95403,42.12219,-14.99636,29.32905,43.81578,-0.74295,3.38805,-1.18776,-0.80029,-9.84069,-30.45264,-0.14976,-0.05731,0.03229,0.0007,-0.03534,0.06863,-0.07453,-0.04032,0.0179,-0.0561
44.79167,31.84991,-11.85866,2.35822,43.45701,-13.38051,29.2419,44.4712,-0.67316,3.33828,-1.49909,-0.68304,-5.94848,-23.63574,0.48927,-0.07008,0.04531,-0.0008,-0.02573,0.09263,-0.10101,-0.02379,0.01595,-0.05725,35.29776,-14.67175,-0.12215,42.9905,-16.755,30.70639,46.73945,-7.67805,3.13769,-0.93833,0.35355,14.80532,3.10796,-2.78461,-0.07598,0.02731,0.0068,-0.01339,0.0945,-0.11334,-0.01542,-0.00254,-0.04623,30.88161,-12.41074,1.98215,43.1019,-14.06578,29.47472,44.47524,-1.28428,3.36385,-1.24533,-1.01285,-17.21129,-14.97095,-2.30044,-0.06381,0.02317,0.00058,-0.03243,0.09997,-0.10538,-0.03229,0.00626,-0.06082,30.9596,-12.28788,2.26726,43.53451,-13.70406,29.12294,44.67805,-0.53062,3.09324,-1.22124,-0.85288,-10.60471,-20.64269,-0.44477,-0.09242,0.04623,-0.00188,-0.01986,0.09723,-0.10981,-0.02147,0.025,-0.06343
46.875,32.73262,-10.48835,2.57015,44.75756,-12.2925,29.12443,45.40393,-0.66826,2.96203,-1.50205,-0.72759,-4.33173,-14.40594,0.52562,-0.09209,0.05054,-0.00082,-0.01475,0.10464,-0.12012,-0.01142,0.00513,-0.05855,35.27904,-13.93398,-0.51364,44.2384,-16.50071,30.71596,47.53057,-9.081,3.08484,-0.82598,0.38942,18.39761,8.50456,-2.55002,-0.09784,0.04082,-0.00249,-0.00233,0.1154,-0.13207,-0.00339,-1e-05,-0.05538,31.6868,-10.95094,2.24586,44.40057,-13.0391,29.51986,45.24161,-1.67357,3.0898,-1.31645,-0.99571,-17.43732,-6.7293,-2.43815,-0.09447,0.04582,-0.00093,-0.01678,0.12561,-0.13129,-0.01475,0.00504,-0.06544,31.96046,-10.8909,2.52196,44.85211,-12.67901,29.10514,45.66164,-0.69205,2.75308,-1.24974,-0.84961,-9.2736,-10.63424,-0.34203,-0.11386,0.05815,-0.00209,-0.00765,0.12018,-0.13419,-0.00626,0.02771,-0.06622
48.95833,33.87649,-9.30112,2.68565,45.94729,-11.32549,29.12409,46.37083,-1.09355,2.56006,-1.50014,-0.73118,-1.96134,-5.79749,0.73099,-0.10249,0.0555,0.00028,-0.00622,0.112,-0.12985,-0.00299,-0.01271,-0.05586,35.35875,-13.12873,-1.08109,45.40274,-16.26986,30.78989,48.20732,-10.71855,2.99685,-0.67572,0.44526,24.28921,12.19467,-1.68477,-0.1089,0.0562,-0.01022,0.0046,0.12882,-0.13868,0.00669,0.00457,-0.06064,32.89127,-9.79106,2.36016,45.59351,-12.1647,29.62751,46.08321,-2.50163,2.75284,-1.36744,-0.93944,-13.90416,0.71371,-1.8079,-0.11263,0.06525,-0.00062,-0.00473,0.13525,-0.14329,-0.00046,0.00245,-0.06471,33.19409,-9.73541,2.6627,46.05974,-11.79208,29.15904,46.68716,-1.32814,2.36736,-1.26168,-0.8061,-5.61929,-0.82421,0.11685,-0.11913,0.06639,-0.00113,-0.00065,0.13153,-0.14443,0.00332,0.01451,-0.06274
51.04167,35.1271,-8.24704,2.65047,47.00531,-10.39316,29.1948,47.29887,-2.07105,2.14628,-1.49138,-0.70318,0.78377,1.79073,1.01568,-0.10169,0.05916,0.00134,-0.00057,0.11248,-0.13088,0.00183,-0.03731,-0.04956,35.49759,-12.24798,-1.81505,46.47025,-15.9899,30.84761,48.77145,-12.55265,2.84055,-0.48196,0.52366,31.64272,15.5529,-0.62931,-0.10813,0.07068,-0.01346,0.00659,0.13492,-0.13627,0.01253,0.00923,-0.06013,34.31005,-8.84972,2.26625,46.67049,-11.32612,29.70575,46.96383,-3.80723,2.34628,-1.3857,-0.85474,-7.66029,7.96346,-0.68075,-0.11613,0.07542,0.00012,0.00247,0.12862,-0.14251,0.00848,-0.00484,-0.05778,34.49607,-8.73524,2.63586,47.14007,-10.9112,29.22047,47.65779,-2.52977,1.9459,-1.25038,-0.73663,-0.34503,8.21475,0.75607,-0.11115,0.06984,-0.00081,0.00182,0.12877,-0.14207,0.00739,-0.01901,-0.05351
53.125,36.38981,-7.27524,2.39647,47.9219,-9.4447,29.32592,48.13665,-3.6963,1.73756,-1.47554,-0.65283,3.38413,8.05313,1.26617,-0.0935,0.06017,0.00149,0.00278,0.10565,-0.12572,0.00421,-0.06385,-0.04136,35.69171,-11.29221,-2.70598,47.43757,-15.58959,30.85034,49.242,-14.55871,2.60348,-0.25331,0.63124,38.34266,19.75643,0.27191,-0.0984,0.08101,-0.01123,0.00484,0.13559,-0.1303,0.01345,0.01296,-0.05432,35.79848,-8.02019,1.92402,47.62181,-10.44292,29.73959,47.83982,-5.63707,1.88803,-1.37202,-0.74914,-0.84212,15.08522,0.5426,-0.10755,0.0742,-9e-05,0.00554,0.1109,-0.1337,0.01162,-0.01551,-0.04625,35.78331,-7.80061,2.38395,48.07713,-9.95759,29.28981,48.5059,-4.37908,1.51006,-1.21774,-0.6517,5.08241,15.65393,1.34758,-0.09641,0.0682,-0.00216,0.00221,0.11403,-0.13198,0.0077,-0.06543,-0.04124
55.20833,37.62161,-6.35498,1.84217,48.70359,-8.47809,29.53272,48.87313,-6.01525,1.35197,-1.45438,-0.58832,5.36321,12.72557,1.39247,-0.08302,0.0577,0.00085,0.00484,0.09341,-0.11747,0.00538,-0.08395,-0.03367,35.96706,-10.27677,-3.73772,48.3066,-15.01841,30.80255,49.63696,-16.71301,2.29783,-0.01128,0.77452,41.99785,25.26824,0.91176,-0.085,0.08481,-0.00511,0.00202,0.13317,-0.12567,0.0107,0.01567,-0.04571,37.26129,-7.21822,1.30423,48.4445,-9.49611,29.77915,48.67728,-8.04384,1.41863,-1.33975,-0.62878,4.27998,21.40906,1.50016,-0.09277,0.06416,-0.00148,0.00629,0.09006,-0.12255,0.0102,-0.02366,-0.03366,37.03451,-6.87728,1.83691,48.86727,-8.93061,29.41361,49.22186,-6.93226,1.08902,-1.17364,-0.55804,9.04792,20.67387,1.71585,-0.08184,0.06222,-0.00436,0.00294,0.09321,-0.11974,0.00648,-0.10731,-0.02979
57.29167,38.80844,-5.48255,0.90375,49.37416,-7.52908,29.83715,49.53197,-9.00156,1.00615,-1.43092,-0.51622,6.48649,15.66639,1.3641,-0.07438,0.05216,0.00054,0.00639,0.07945,-0.10865,0.0061,-0.08902,-0.02862,36.36172,-9.23118,-4.88264,49.07916,-14.25804,30.73761,49.95517,-18.97607,1.95332,0.21775,0.95651,41.18232,31.81769,1.38543,-0.07326,0.08162,0.00163,0.00089,0.12928,-0.1244,0.00686,0.01763,-0.03756,38.64233,-6.41089,0.37669,49.1494,-8.52254,29.90164,49.45631,-11.0546,0.98868,-1.30768,-0.50045,6.36348,25.8989,1.99204,-0.07832,0.05105,-0.00281,0.00647,0.0732,-0.11301,0.00663,-0.02216,-0.02407,38.25325,-5.96267,0.91284,49.5287,-7.89291,29.64837,49.84792,-10.18324,0.71227,-1.13131,-0.45967,10.55673,22.9209,1.80967,-0.072,0.05373,-0.00502,0.00511,0.0735,-0.10926,0.00549,-0.12509,-0.0226
59.375,39.94305,-4.67339,-0.48203,49.96822,-6.64457,30.24962,50.14412,-12.54305,0.71226,-1.40784,-0.44103,6.87467,16.99959,1.21665,-0.06935,0.04528,0.00206,0.00774,0.06774,-0.10068,0.0066,-0.07454,-0.02724,36.90541,-8.19176,-6.1028,49.7532,-13.32358,30.69724,50.17018,-21.28308,1.60328,0.4129,1.17576,36.23077,38.75841,1.82808,-0.06641,0.07309,0.00582,0.00284,0.12412,-0.1251,0.00448,0.01891,-0.0324,39.90731,-5.61576,-0.89346,49.76189,-7.58491,30.16825,50.16086,-14.6233,0.64132,-1.29038,-0.37194,5.61227,27.81477,2.01129,-0.06874,0.04093,-0.00197,0.00698,0.06388,-0.10604,0.00352,-0.00734,-0.02031,39.43646,-5.09408,-0.46345,50.10079,-6.92769,30.02611,50.44011,-14.02555,0.40128,-1.10076,-0.35899,9.73793,22.83536,1.70541,-0.06782,0.04528,-0.00157,0.00812,0.06036,-0.1017,0.00544,-0.10731,-0.02123
61.45833,41.01401,-3.946,-2.32928,50.5181,-5.85605,30.76048,50.71391,-16.44748,0.47604,-1.38591,-0.36486,6.95888,17.18814,1.02638,-0.06733,0.0394,0.00633,0.00884,0.06082,-0.09397,0.00682,-0.04294,-0.02903,37.60656,-7.19167,-7.35717,50.32125,-12.25583,30.71514,50.24088,-23.54879,1.27118,0.56644,1.42766,29.12961,45.48111,2.25333,-0.06463,0.0622,0.00608,0.00715,0.11676,-0.1243,0.00468,0.01922,-0.03096,41.0324,-4.87487,-2.53469,50.31326,-6.73497,30.59682,50.76295,-18.5961,0.39778,-1.29101,-0.25048,3.61357,27.22577,1.68824,-0.06525,0.03734,0.00259,0.00789,0.06147,-0.10022,0.00266,0.01782,-0.02281,40.56349,-4.31846,-2.32697,50.62997,-6.09267,30.53845,51.02004,-18.23896,0.16417,-1.08392,-0.2571,7.78355,21.58338,1.54472,-0.06724,0.03926,0.00698,0.01053,0.0555,-0.09609,0.00609,-0.05759,-0.02485
63.54167,42.00809,-3.30718,-4.58112,51.03919,-5.16598,31.34385,51.19791,-20.4721,0.29631,-1.36338,-0.28747,7.28494,16.94143,0.86739,-0.06648,0.0363,0.01291,0.0096,0.05881,-0.08854,0.00679,-0.00345,-0.03234,38.45184,-6.25299,-8.6105,50.7706,-11.10858,30.81114,50.13306,-25.68537,0.9644,0.68477,1.7065,22.54334,51.60004,2.51202,-0.06566,0.05193,0.00341,0.01144,0.10596,-0.1188,0.00661,0.01819,-0.03214,42.00436,-4.22101,-4.54604,50.82599,-5.98935,31.16041,51.21372,-22.71671,0.25228,-1.30015,-0.14042,2.46702,25.04556,1.19612,-0.06609,0.04002,0.01066,0.00882,0.06254,-0.09356,0.00435,0.04416,-0.02955,41.60639,-3.66158,-4.63886,51.14793,-5.39423,31.14433,51.54458,-22.51989,-0.00461,-1.07389,-0.15386,6.33032,20.56472,1.44587,-0.06719,0.03697,0.01899,0.01129,0.0567,-0.09089,0.00672,0.00586,-0.03076
65.625,42.91986,-2.74627,-7.10669,51.52021,-4.5522,31.96988,51.50911,-24.37119,0.16633,-1.33651,-0.20693,8.25961,16.97122,0.77464,-0.06516,0.03624,0.02005,0.0101,0.05963,-0.08447,0.00677,0.03143,-0.03514,39.41659,-5.38449,-9.83812,51.08399,-9.9359,30.99535,49.83871,-27.62389,0.6772,0.7826,2.00678,18.50674,56.86053,2.40108,-0.06643,0.04404,0.00044,0.01308,0.09136,-0.10774,0.00799,0.01592,-0.03386,42.82886,-3.65557,-6.8738,51.30041,-5.32848,31.80745,51.44956,-26.67929,0.17808,-1.30128,-0.04159,3.6666,22.57938,0.6758,-0.0681,0.04562,0.02004,0.00953,0.06325,-0.08536,0.00737,0.06071,-0.03708,42.54987,-3.11297,-7.27144,51.653,-4.79266,31.79372,51.9112,-26.55304,-0.11967,-1.0589,-0.04802,6.61146,20.75054,1.44017,-0.06558,0.03797,0.03059,0.0105,0.05954,-0.08549,0.00672,0.05836,-0.03574
67.70833,43.7594,-2.24044,-9.72243,51.92309,-3.98469,32.6174,51.54484,-27.94561,0.07625,-1.30113,-0.12064,9.97237,17.72202,0.73211,-0.06283,0.03781,0.02545,0.01053,0.06035,-0.08201,0.00712,0.05128,-0.03599,40.47838,-4.58495,-11.0235,51.24061,-8.78293,31.27633,49.37984,-29.32728,0.40025,0.87404,2.32308,17.51085,60.95529,1.84223,-0.06492,0.03869,-0.00039,0.01078,0.07406,-0.09309,0.00666,0.01309,-0.03428,43.53783,-3.14933,-9.40217,51.71001,-4.71609,32.48885,51.41115,-30.20949,0.14088,-1.27968,0.0503,7.33911,20.88571,0.21211,-0.06859,0.04985,0.02745,0.01005,0.06144,-0.07693,0.00974,0.06052,-0.04213,43.40519,-2.63309,-10.02473,52.10484,-4.23141,32.45224,51.99619,-30.09652,-0.19774,-1.02851,0.06207,8.84977,22.24311,1.46739,-0.06227,0.04031,0.03744,0.0093,0.05995,-0.08066,0.00589,0.08069,-0.03762
69.79167,44.55173,-1.76656,-12.23175,52.19242,-3.44372,33.28017,51.2239,-31.07405,0.01575,-1.25414,-0.02629,12.19223,19.23664,0.69032,-0.06011,0.03876,0.02732,0.01095,0.05886,-0.08135,0.00804,0.05242,-0.03465,41.62509,-3.84946,-12.15043,51.21784,-7.68198,31.66657,48.79327,-30.78724,0.13059,0.96572,2.64935,18.49222,63.50979,0.99385,-0.06108,0.03489,0.00163,0.00545,0.05661,-0.0786,0.00219,0.01068,-0.03282,44.18738,-2.66321,-11.96608,52.00778,-4.12567,33.17658,51.06397,-33.13567,0.11274,-1.22981,0.1419,12.25238,20.36559,-0.14487,-0.0665,0.0498,0.03017,0.01043,0.05728,-0.07082,0.00975,0.04481,-0.04301,44.20827,-2.17623,-12.67205,52.43545,-3.67147,33.11319,51.70441,-33.04009,-0.25185,-0.9786,0.1777,12.23668,24.34428,1.42769,-0.05867,0.04149,0.03698,0.00886,0.05633,-0.07789,0.00451,0.06854,-0.0361
71.875,45.32795,-1.31201,-14.46824,52.2694,-2.92896,33.96393,50.51341,-33.71216,-0.0241,-1.19433,0.07785,14.5438,21.24766,0.60112,-0.05801,0.03734,0.0253,0.01114,0.05499,-0.08228,0.00943,0.03949,-0.03204,42.85273,-3.17471,-13.19548,50.99487,-6.65318,32.1812,48.10465,-32.00683,-0.12355,1.05602,2.97917,19.71608,64.34557,0.19608,-0.05663,0.03153,0.00496,-0.00023,0.04215,-0.06781,-0.00349,0.00923,-0.03029,44.8439,-2.17493,-14.38313,52.13951,-3.55807,33.86562,50.40719,-35.41389,0.08003,-1.15712,0.24013,16.58294,20.83059,-0.34907,-0.06254,0.04522,0.02747,0.01041,0.05248,-0.06918,0.00703,0.02288,-0.04006,45.0034,-1.71486,-15.01706,52.5706,-3.11111,33.79203,51.00289,-35.40509,-0.28897,-0.91227,0.29965,15.50881,26.12047,1.25449,-0.05641,0.0398,0.02979,0.00941,0.05006,-0.07814,0.00325,0.03442,-0.03265
73.95833,46.11339,-0.87862,-16.32493,52.10387,-2.4558,34.6775,49.4328,-35.85963,-0.05031,-1.12172,0.19343,16.76259,23.44737,0.44833,-0.05712,0.03332,0.02052,0.01071,0.05046,-0.08408,0.01101,0.02312,-0.02963,44.15443,-2.56056,-14.12681,50.55791,-5.70804,32.83138,47.30834,-32.97942,-0.34562,1.1405,3.30766,20.02,63.85926,-0.23915,-0.05388,0.02832,0.00685,-0.00328,0.03328,-0.06227,-0.00683,0.00835,-0.02828,45.56373,-1.69459,-16.49172,52.05621,-3.04062,34.56268,49.46457,-37.09301,0.04293,-1.07349,0.35113,19.0076,21.97056,-0.35388,-0.05824,0.03823,0.02099,0.00944,0.04886,-0.07234,0.00292,0.00742,-0.03522,45.82288,-1.25134,-16.93729,52.45018,-2.58183,34.50923,49.92144,-37.28246,-0.31167,-0.83613,0.42918,17.78237,27.13542,0.9618,-0.05616,0.03526,0.01931,0.01,0.04438,-0.08092,0.00294,0.00109,-0.02951
76.04167,46.91966,-0.47785,-17.75882,51.65937,-2.04293,35.42366,48.03559,-37.51153,-0.06818,-1.03623,0.32308,18.87661,25.7681,0.25661,-0.05722,0.02822,0.01488,0.00953,0.0477,-0.08583,0.01263,0.01473,-0.02859,45.50786,-2.00809,-14.91126,49.90559,-4.85391,33.6171,46.36853,-33.67715,-0.51879,1.21992,3.6341,19.65894,63.16706,-0.26646,-0.05429,0.02596,0.00516,-0.00204,0.03103,-0.0611,-0.00472,0.00682,-0.02816,46.37595,-1.25955,-18.179,51.71929,-2.6096,35.2719,48.26345,-38.23865,0.00833,-0.98893,0.48077,19.49724,23.86032,-0.14308,-0.05497,0.03177,0.01372,0.0071,0.04721,-0.07849,2e-05,0.00772,-0.0308,46.67503,-0.81167,-18.39507,52.03735,-2.12541,35.27304,48.52333,-38.7385,-0.32181,-0.75432,0.56969,19.14303,27.88524,0.63726,-0.05719,0.02963,0.01003,0.0093,0.04233,-0.08451,0.00439,-0.01038,-0.02838
78.125,47.74459,-0.12135,-18.77151,50.91165,-1.69966,36.19545,46.3829,-38.61954,-0.08196,-0.93629,0.47105,21.19573,28.48107,0.07444,-0.05753,0.02433,0.01,0.0081,0.04832,-0.08691,0.01444,0.02108,-0.02924,46.86929,-1.51655,-15.52601,49.05156,-4.09785,34.52437,45.24542,-34.0576,-0.63454,1.30552,3.96319,20.20689,63.72234,-0.20484,-0.05767,0.02559,-8e-05,0.00282,0.03442,-0.06185,0.00342,0.00348,-0.03024,47.27648,-0.91162,-19.38819,51.09756,-2.28693,35.98835,46.81676,-38.85855,-0.01859,-0.90449,0.63558,19.35133,27.09699,0.22589,-0.05325,0.02791,0.00831,0.00386,0.04715,-0.08471,0.00099,0.02445,-0.02839,47.5468,-0.42648,-19.41301,51.31395,-1.76752,36.0729,46.86784,-39.73828,-0.32359,-0.66385,0.72784,20.61761,29.61446,0.38671,-0.05804,0.02546,0.00503,0.00688,0.04497,-0.08693,0.00815,0.00865,-0.02958
80.20833,48.5785,0.18727,-19.37885,49.84524,-1.42023,36.97945,44.5266,-39.08561,-0.09493,-0.8186,0.6426,24.09636,32.0194,-0.05691,-0.05744,0.02336,0.00637,0.00768,0.05209,-0.08745,0.01687,0.04125,-0.03095,48.179,-1.08241,-15.96725,48.02211,-3.44911,35.52883,43.93544,-34.08636,-0.69666,1.41725,4.30252,23.51212,66.42428,-0.5934,-0.06235,0.02766,-0.00643,0.00878,0.04082,-0.06217,0.01445,-0.00156,-0.03362,48.23516,-0.67011,-20.10594,50.16198,-2.06479,36.70296,45.12321,-38.87322,-0.03902,-0.81063,0.82244,20.43491,32.39191,0.60661,-0.05285,0.02692,0.00552,0.00137,0.04783,-0.08867,0.00705,0.04902,-0.02825,48.41775,-0.11149,-20.02947,50.26889,-1.50316,36.88627,44.99056,-40.13082,-0.32392,-0.55448,0.91256,23.50959,33.5487,0.26645,-0.05772,0.02459,0.00441,0.00413,0.05086,-0.08733,0.01421,0.05025,-0.03201
82.29167,49.41149,0.45479,-19.58685,48.45413,-1.18699,37.76331,42.51304,-38.79547,-0.10894,-0.67947,0.84195,27.7108,36.59931,-0.12882,-0.05698,0.02525,0.00336,0.00964,0.057,-0.08821,0.02006,0.06746,-0.03263,49.37679,-0.7024,-16.24917,46.84865,-2.92018,36.603,42.504,-33.76398,-0.71882,1.57492,4.65593,30.2709,70.62761,-1.8485,-0.06608,0.03121,-0.01036,0.01292,0.04677,-0.06115,0.02228,-0.00617,-0.03669,49.21055,-0.51625,-20.34099,48.88632,-1.9061,37.41384,43.19057,-38.15243,-0.05912,-0.69214,1.04608,24.03001,39.81635,0.80339,-0.05339,0.02753,0.00396,0.00205,0.04885,-0.08988,0.01696,0.06802,-0.02964,49.2747,0.14143,-20.2595,48.89111,-1.30045,37.69333,42.91603,-39.71026,-0.32973,-0.41375,1.13156,28.46241,39.94874,0.24693,-0.05649,0.02702,0.00538,0.00389,0.05699,-0.08653,0.02159,0.09462,-0.034
84.375,50.23627,0.69447,-19.38705,46.75008,-0.97865,38.54265,40.40451,-37.67902,-0.12348,-0.51725,1.06934,31.69718,41.85436,-0.16908,-0.05676,0.02813,-8e-05,0.01455,0.06043,-0.09,0.02329,0.08925,-0.03353,50.42024,-0.37945,-16.39203,45.55827,-2.52637,37.72251,41.08994,-33.14166,-0.71735,1.7861,5.01503,39.05076,73.68026,-3.90402,-0.06718,0.03384,-0.00939,0.01365,0.04917,-0.0595,0.02025,-0.00653,-0.03797,50.16365,-0.39795,-20.10893,47.25919,-1.75952,38.13431,41.07152,-36.6018,-0.08427,-0.5372,1.30478,29.94139,48.18343,0.65799,-0.05475,0.02802,0.00116,0.00773,0.05056,-0.0897,0.02701,0.07053,-0.03154,50.11696,0.35869,-20.08328,47.17611,-1.11797,38.48952,40.69533,-38.32752,-0.34416,-0.2346,1.3861,34.80057,47.5491,0.23201,-0.05572,0.03072,0.00419,0.00879,0.06048,-0.08652,0.02815,0.12084,-0.03444
86.45833,51.04458,0.91952,-18.77291,44.77595,-0.77716,39.32282,38.30254,-35.76968,-0.13518,-0.33474,1.31851,35.23623,46.72213,-0.22194,-0.0574,0.02928,-0.00429,0.02124,0.06056,-0.0929,0.02463,0.09878,-0.03376,51.29698,-0.12831,-16.4055,44.16726,-2.28433,38.86706,39.87394,-32.31502,-0.70361,2.03709,5.35327,46.39751,71.47383,-6.06117,-0.06519,0.03274,-0.00378,0.01172,0.04615,-0.05869,0.00422,0.00139,-0.0369,51.06374,-0.25213,-19.43251,45.30478,-1.57988,38.89004,38.89059,-34.25434,-0.11312,-0.34581,1.58644,36.36996,55.0472,0.14,-0.05712,0.02738,-0.00452,0.01813,0.05349,-0.0901,0.03202,0.05435,-0.03347,50.94841,0.57031,-19.46794,45.14605,-0.92302,39.28767,38.44334,-35.99766,-0.36378,-0.0218,1.66659,40.57163,53.78082,0.12294,-0.05681,0.03264,-0.00135,0.0191,0.06002,-0.08888,0.03077,0.11783,-0.03354
88.54167,51.82046,1.13868,-17.76667,42.61668,-0.56966,40.11482,36.35386,-33.23221,-0.13816,-0.14032,1.5761,37.28546,49.70485,-0.31716,-0.05868,0.0268,-0.00818,0.02656,0.05729,-0.0957,0.02125,0.09455,-0.03434,52.02485,0.02282,-16.27721,42.68235,-2.20984,40.0159,39.02079,-31.39655,-0.67986,2.29213,5.62706,48.09501,60.00957,-7.18502,-0.0608,0.02612,0.00332,0.00969,0.03758,-0.05939,-0.02519,0.01978,-0.03395,51.88551,-0.03214,-18.35599,43.10215,-1.34358,39.70501,36.84109,-31.31568,-0.13567,-0.1328,1.86787,40.65566,57.48578,-0.61426,-0.0604,0.02569,-0.01223,0.02992,0.05732,-0.09189,0.02726,0.02767,-0.03581,51.76228,0.79611,-18.40983,42.87305,-0.70026,40.1087,36.34659,-32.94702,-0.379,0.20669,1.95166,43.33384,55.76548,-0.11287,-0.05991,0.0304,-0.01007,0.03141,0.05626,-0.09331,0.02607,0.08984,-0.03283
90.625,52.53616,1.35658,-16.43963,40.39919,-0.34661,40.92778,34.72797,-30.34177,-0.1254,0.053,1.82371,36.98136,49.42421,-0.44802,-0.05922,0.02081,-0.0094,0.02623,0.05198,-0.09611,0.01046,0.0818,-0.03669,52.63997,0.03656,-15.9756,41.11039,-2.31558,41.14125,38.62051,-30.47854,-0.64026,2.50216,5.78557,41.01799,37.39305,-6.20199,-0.05516,0.01434,0.00761,0.01025,0.02495,-0.06065,-0.0624,0.04733,-0.0303,52.60296,0.27381,-16.96169,40.79,-1.05285,40.58444,35.14429,-28.13282,-0.13661,0.07602,2.11881,40.51976,53.37487,-1.3468,-0.06365,0.02365,-0.01849,0.03727,0.0602,-0.09364,0.01027,0.00528,-0.03941,52.52986,1.04092,-16.97165,40.49005,-0.4486,40.96678,34.62709,-29.57095,-0.3775,0.42445,2.21208,41.31119,51.62813,-0.4125,-0.06325,0.02366,-0.01758,0.0392,0.05093,-0.09712,0.01161,0.05366,-0.03431
92.70833,53.15569,1.57659,-14.91212,38.27617,-0.102,41.76243,33.57123,-27.4185,-0.09046,0.23023,2.04206,33.99294,45.21528,-0.57306,-0.05691,0.01349,-0.00541,0.01657,0.04634,-0.09159,-0.00899,0.06949,-0.04177,53.17839,-0.1245,-15.46805,39.47297,-2.60957,42.20534,38.65489,-29.60376,-0.57543,2.61995,5.78681,24.67132,5.3073,-2.6728,-0.0491,7e-05,0.00624,0.01421,0.01084,-0.06002,-0.09887,0.07918,-0.02719,53.18752,0.64083,-15.3741,38.54844,-0.73134,41.50541,33.9829,-25.09496,-0.10222,0.25301,2.31021,35.16436,42.51845,-1.7936,-0.06484,0.02166,-0.01859,0.03395,0.05912,-0.09203,-0.01791,0.00109,-0.04489,53.2028,1.29915,-15.29111,38.17755,-0.17363,41.85837,33.47259,-26.31629,-0.34886,0.60524,2.41876,34.30996,41.46106,-0.6493,-0.06369,0.01448,-0.01831,0.03539,0.04538,-0.0962,-0.01286,0.02948,-0.03932
94.79167,53.64612,1.80148,-13.32982,36.39638,0.15914,42.60871,32.95719,-24.74255,-0.0289,0.37782,2.21583,28.64602,37.45955,-0.64193,-0.04999,0.00791,0.00511,-0.00365,0.041,-0.08066,-0.0359,0.06573,-0.04947,53.65955,-0.48747,-14.74685,37.81838,-3.0944,43.16425,39.00544,-28.75754,-0.47726,2.61504,5.61393,1.63758,-30.87967,2.85652,-0.04277,-0.01267,-1e-05,0.01942,-0.00183,-0.05493,-0.12645,0.10845,-0.0254,53.61491,1.01952,-13.74295,36.56,-0.4181,42.42208,33.43668,-22.50949,-0.02652,0.37835,2.42347,25.6619,27.00012,-1.8143,-0.0615,0.01923,-0.00902,0.01613,0.05133,-0.0836,-0.05286,0.02108,-0.05198,53.73034,1.56184,-13.55237,36.12565,0.11289,42.76149,32.96456,-23.53929,-0.28798,0.73164,2.55178,23.89313,27.41289,-0.70992,-0.05826,0.00626,-0.00852,0.01581,0.03957,-0.08707,-0.04478,0.03048,-0.04765
96.875,53.99168,2.02695,-11.82588,34.87114,0.4056,43.44784,32.85742,-22.48347,0.06158,0.48609,2.33714,21.7525,27.47416,-0.63027,-0.03818,0.00606,0.02117,-0.03212,0.03484,-0.06374,-0.0665,0.07392,-0.05837,54.07841,-1.06199,-13.84893,36.22338,-3.76738,43.978,39.49885,-27.88441,-0.34098,2.48245,5.28446,-23.30779,-63.63934,8.937,-0.03584,-0.02027,-0.00641,0.02119,-0.01063,-0.04432,-0.14054,0.12899,-0.02513,53.8784,1.3513,-12.20865,34.96312,-0.16709,43.28362,33.45074,-20.50956,0.08678,0.44571,2.45658,14.44536,10.48208,-1.46563,-0.05195,0.01518,0.01029,-0.01529,0.03626,-0.06688,-0.08813,0.0602,-0.05945,54.08321,1.81648,-11.93175,34.48426,0.38075,43.64463,33.04061,-21.40147,-0.19524,0.79934,2.60657,12.69318,12.81548,-0.57149,-0.04586,0.00195,0.01144,-0.01814,0.03203,-0.06896,-0.0791,0.05667,-0.05747
98.95833,54.20306,2.22784,-10.48596,33.74971,0.56395,44.25641,33.1488,-20.67118,0.18223,0.55011,2.4064,14.23258,16.99718,-0.56183,-0.02319,0.0075,0.03946,-0.06328,0.02552,-0.04335,-0.09548,0.09156,-0.06627,54.40819,-1.83888,-12.85722,34.78105,-4.62074,44.62155,39.96887,-26.92009,-0.16392,2.24187,4.84776,-44.99494,-85.91878,13.73576,-0.02802,-0.02105,-0.00626,0.01442,-0.01422,-0.02955,-0.14164,0.13789,-0.02626,54.00059,1.57582,-10.86475,33.81666,-0.0532,44.05469,33.85353,-19.03434,0.22787,0.46155,2.42408,4.18089,-3.27419,-0.97466,-0.0364,0.00868,0.03538,-0.0543,0.01654,-0.04375,-0.11724,0.10491,-0.06548,54.27102,2.03494,-10.54315,33.32196,0.56058,44.4788,33.51317,-19.84696,-0.07363,0.81548,2.59425,3.20252,0.76267,-0.33054,-0.02819,0.00228,0.03683,-0.0592,0.02103,-0.04467,-0.10966,0.096,-0.06604
