spine_amp_cmd_deg,spine_sine_phase_deg,spine_peak_pct_after_leg1a_fundamental,robots,falls,body_speed_m_s,heading_drift_deg_per_20s,spine_swing_real_deg,imu_tilt_max_deg,cost_of_transport
0.0,0.0,25.0,3,0,0.1393,59.0,0.93,3.61,0.65
0.0,30.0,16.7,3,0,0.1411,59.1,0.98,3.78,0.634
0.0,60.0,8.3,3,0,0.1418,61.5,0.99,4.35,0.641
0.0,90.0,0.0,3,0,0.1408,59.3,0.99,3.28,0.645
0.0,120.0,91.7,3,0,0.141,56.4,1.01,3.45,0.638
0.0,150.0,83.3,3,0,0.1418,53.8,0.99,3.76,0.635
0.0,180.0,75.0,3,0,0.1398,59.1,0.97,3.32,0.647
0.0,210.0,66.7,3,0,0.138,61.9,0.95,2.79,0.673
0.0,240.0,58.3,3,0,0.1413,60.1,1.01,3.95,0.639
0.0,270.0,50.0,3,0,0.1389,58.6,0.96,2.81,0.648
0.0,300.0,41.7,3,0,0.1379,62.2,0.96,3.31,0.663
0.0,330.0,33.3,3,0,0.1401,61.1,0.98,3.66,0.646
2.5,0.0,25.0,3,0,0.1409,29.0,2.07,3.86,0.656
2.5,30.0,16.7,3,0,0.1426,47.9,2.1,3.75,0.658
2.5,60.0,8.3,3,0,0.1412,61.1,2.05,3.39,0.642
2.5,90.0,0.0,3,0,0.1393,81.4,1.76,3.35,0.674
2.5,120.0,91.7,3,0,0.1416,93.9,1.38,3.91,0.634
2.5,150.0,83.3,3,0,0.1399,89.8,0.83,4.58,0.638
2.5,180.0,75.0,3,0,0.1401,83.6,0.29,3.32,0.633
2.5,210.0,66.7,3,0,0.1351,76.5,0.29,2.57,0.659
2.5,240.0,58.3,3,0,0.1381,48.6,0.8,3.04,0.619
2.5,270.0,50.0,3,0,0.1378,35.2,1.23,2.84,0.661
2.5,300.0,41.7,3,0,0.1379,12.6,1.62,2.71,0.628
2.5,330.0,33.3,3,0,0.1388,17.9,1.87,3.01,0.66
5.0,0.0,25.0,3,0,0.1406,-6.8,3.24,2.85,0.674
5.0,30.0,16.7,3,0,0.1421,30.3,3.29,3.95,0.676
5.0,60.0,8.3,3,0,0.1397,76.4,3.3,4.07,0.689
5.0,90.0,0.0,3,0,0.14,110.8,3.05,4.56,0.676
5.0,120.0,91.7,3,0,0.1413,134.5,2.36,4.9,0.657
5.0,150.0,83.3,3,0,0.1408,130.8,1.59,5.42,0.668
5.0,180.0,75.0,3,0,0.1378,120.4,1.09,4.27,0.666
5.0,210.0,66.7,3,0,0.1368,87.8,1.23,3.47,0.666
5.0,240.0,58.3,3,0,0.1401,41.6,1.71,3.01,0.63
5.0,270.0,50.0,3,0,0.1366,-2.8,2.24,3.4,0.623
5.0,300.0,41.7,3,0,0.14,-20.2,2.68,2.87,0.648
5.0,330.0,33.3,3,0,0.1397,-36.3,2.98,2.73,0.614
7.5,0.0,25.0,3,0,0.1414,-42.7,4.45,3.06,0.675
7.5,30.0,16.7,3,0,0.1412,14.0,4.51,3.55,0.671
7.5,60.0,8.3,3,0,0.1422,79.0,4.72,5.2,0.693
7.5,90.0,0.0,3,0,0.1412,153.2,4.32,5.19,0.695
7.5,120.0,91.7,3,0,0.1402,181.8,3.59,5.86,0.732
7.5,150.0,83.3,3,0,0.137,187.1,2.68,5.11,0.716
7.5,180.0,75.0,3,0,0.1374,151.6,2.31,4.97,0.683
7.5,210.0,66.7,3,0,0.1367,91.7,2.57,3.69,0.651
7.5,240.0,58.3,3,0,0.137,25.2,2.86,3.66,0.647
7.5,270.0,50.0,3,0,0.1376,-37.6,3.43,3.81,0.648
7.5,300.0,41.7,3,0,0.1392,-71.0,3.85,3.28,0.65
7.5,330.0,33.3,3,0,0.141,-71.3,4.17,3.2,0.653
10.0,0.0,25.0,3,0,0.1434,-74.4,5.65,3.65,0.676
10.0,30.0,16.7,3,0,0.1429,4.3,5.84,4.81,0.668
10.0,60.0,8.3,3,0,0.1399,100.6,5.95,4.48,0.73
10.0,90.0,0.0,3,0,0.1393,190.1,5.8,6.18,0.775
10.0,120.0,91.7,3,0,0.1383,253.5,5.0,6.81,0.796
10.0,150.0,83.3,3,0,0.1331,229.7,3.93,5.19,0.75
10.0,180.0,75.0,3,0,0.1342,193.9,3.63,4.06,0.724
10.0,210.0,66.7,3,0,0.1306,109.4,3.87,3.75,0.706
10.0,240.0,58.3,3,0,0.1338,13.6,4.12,4.09,0.714
10.0,270.0,50.0,3,0,0.1338,-73.4,4.56,4.01,0.7
10.0,300.0,41.7,3,0,0.1425,-120.0,5.04,3.95,0.655
10.0,330.0,33.3,3,0,0.1392,-119.2,5.35,3.25,0.675
12.5,0.0,25.0,3,0,0.1432,-110.1,6.88,3.83,0.659
12.5,30.0,16.7,3,0,0.1413,-6.9,7.15,5.2,0.702
12.5,60.0,8.3,3,0,0.1402,112.0,7.55,6.36,0.751
12.5,90.0,0.0,3,0,0.1362,217.5,7.38,7.01,0.87
12.5,120.0,91.7,3,0,0.1338,287.6,6.2,6.67,0.902
12.5,150.0,83.3,3,0,0.1301,286.1,5.31,5.52,0.835
12.5,180.0,75.0,3,0,0.1284,230.4,5.04,4.68,0.788
12.5,210.0,66.7,3,0,0.131,123.2,5.22,4.29,0.754
12.5,240.0,58.3,3,0,0.1294,0.3,5.47,4.81,0.723
12.5,270.0,50.0,3,0,0.1318,-118.5,5.89,4.78,0.718
12.5,300.0,41.7,3,0,0.1359,-169.8,6.24,4.61,0.748
12.5,330.0,33.3,3,0,0.1424,-173.6,6.59,3.69,0.68
15.0,0.0,25.0,6,0,0.1441,-144.8,8.24,4.62,0.691
15.0,30.0,16.7,6,0,0.1402,-22.3,8.45,5.28,0.741
15.0,60.0,8.3,6,0,0.1361,112.1,9.04,6.87,0.826
15.0,90.0,0.0,6,0,0.1313,261.9,8.8,7.06,0.928
15.0,120.0,91.7,6,0,0.1273,345.7,7.83,7.38,0.976
15.0,150.0,83.3,6,0,0.1222,337.8,6.86,6.96,0.958
15.0,180.0,75.0,6,0,0.1242,263.3,6.46,5.32,0.848
15.0,210.0,66.7,6,0,0.1262,133.1,6.7,4.96,0.791
15.0,240.0,58.3,6,0,0.1244,-14.0,6.95,5.74,0.8
15.0,270.0,50.0,6,0,0.128,-148.3,7.45,5.69,0.783
15.0,300.0,41.7,6,0,0.1351,-225.0,7.54,5.07,0.782
15.0,330.0,33.3,6,0,0.143,-232.7,7.91,4.28,0.721
17.5,0.0,25.0,3,0,0.1412,-187.7,9.6,4.86,0.745
17.5,30.0,16.7,3,0,0.1394,-37.5,9.94,6.34,0.759
17.5,60.0,8.3,3,0,0.1311,127.2,10.5,7.37,0.896
17.5,90.0,0.0,3,0,0.1239,281.6,10.52,7.93,1.074
17.5,120.0,91.7,3,0,0.1145,429.1,9.72,8.24,1.118
17.5,150.0,83.3,3,0,0.1118,402.5,8.59,7.52,1.088
17.5,180.0,75.0,3,0,0.1176,298.8,8.02,6.13,0.967
17.5,210.0,66.7,3,0,0.1257,144.4,8.13,5.52,0.825
17.5,240.0,58.3,3,0,0.1151,-33.1,8.57,6.88,0.876
17.5,270.0,50.0,3,0,0.1226,-195.1,8.71,6.57,0.864
17.5,300.0,41.7,3,0,0.1335,-278.1,9.14,6.36,0.851
17.5,330.0,33.3,3,0,0.1426,-291.8,9.3,4.72,0.742
20.0,0.0,25.0,3,0,0.1412,-230.8,10.95,5.17,0.772
20.0,30.0,16.7,3,0,0.1385,-54.6,11.35,6.63,0.788
20.0,60.0,8.3,3,0,0.1294,120.7,12.18,8.13,0.907
20.0,90.0,0.0,3,0,0.1173,321.7,11.82,7.91,1.202
20.0,120.0,91.7,3,0,0.1037,393.1,10.75,9.53,1.372
20.0,150.0,83.3,3,0,0.1054,435.4,9.98,8.27,1.29
20.0,180.0,75.0,3,0,0.11,345.1,9.66,6.32,1.044
20.0,210.0,66.7,3,0,0.1211,158.4,9.64,6.42,0.903
20.0,240.0,58.3,3,0,0.1173,-43.9,10.21,7.19,0.855
20.0,270.0,50.0,3,0,0.1162,-225.3,10.62,7.52,0.943
20.0,300.0,41.7,3,0,0.1307,-338.1,10.65,6.77,0.897
20.0,330.0,33.3,3,0,0.1399,-338.3,10.81,5.68,0.828
22.5,0.0,25.0,3,0,0.138,-267.9,12.43,5.72,0.792
22.5,30.0,16.7,3,0,0.1346,-73.3,12.65,7.72,0.866
22.5,60.0,8.3,3,0,0.1187,105.1,13.72,9.16,1.069
22.5,90.0,0.0,3,0,0.1098,343.9,13.19,8.12,1.395
22.5,120.0,91.7,3,0,0.0883,451.1,12.83,10.33,1.606
22.5,150.0,83.3,3,0,0.0937,457.0,11.51,9.43,1.534
22.5,180.0,75.0,3,0,0.1073,365.5,11.08,8.0,1.254
22.5,210.0,66.7,3,0,0.1165,171.4,11.11,7.1,0.994
22.5,240.0,58.3,3,0,0.1099,-50.7,11.73,8.14,0.981
22.5,270.0,50.0,3,0,0.1082,-254.1,12.38,8.57,1.07
22.5,300.0,41.7,3,0,0.1225,-381.5,12.25,7.47,1.027
22.5,330.0,33.3,3,0,0.1348,-409.3,12.45,6.28,0.902
25.0,0.0,25.0,3,0,0.1343,-308.7,14.0,6.83,0.861
25.0,30.0,16.7,3,0,0.1342,-101.9,14.24,7.98,0.868
25.0,60.0,8.3,3,0,0.1128,121.3,14.56,9.57,1.279
25.0,90.0,0.0,3,0,0.0979,319.3,15.22,9.91,1.627
25.0,120.0,91.7,3,0,0.0838,463.1,13.77,10.62,1.98
25.0,150.0,83.3,3,0,0.08,486.4,13.19,10.38,1.949
25.0,180.0,75.0,3,0,0.0985,405.2,12.71,8.44,1.45
25.0,210.0,66.7,3,0,0.1124,190.8,12.61,7.76,1.112
25.0,240.0,58.3,3,0,0.1056,-36.2,13.68,9.25,1.022
25.0,270.0,50.0,3,0,0.0986,-318.4,13.5,8.98,1.269
25.0,300.0,41.7,3,0,0.1157,-414.1,14.0,8.48,1.138
25.0,330.0,33.3,3,0,0.1249,-420.2,13.96,7.23,1.049
