stride_pct,RL | leg1_a angle (deg),RL | leg1_e angle (deg),RL | leg2_a angle (deg),RL | leg2_e angle (deg),RL | leg3_a angle (deg),RL | leg3_e angle (deg),RL | leg4_a angle (deg),RL | leg4_e angle (deg),RL | spine angle (deg),RL | IMU pitch (deg),RL | IMU roll (deg),RL | pitch rate (deg/s),RL | roll rate (deg/s),RL | yaw rate (deg/s),RL | leg1_a torque (N m),RL | leg1_e torque (N m),RL | leg2_a torque (N m),RL | leg2_e torque (N m),RL | leg3_a torque (N m),RL | leg3_e torque (N m),RL | leg4_a torque (N m),RL | leg4_e torque (N m),RL | spine torque (N m),Final CPG | leg1_a angle (deg),Final CPG | leg1_e angle (deg),Final CPG | leg2_a angle (deg),Final CPG | leg2_e angle (deg),Final CPG | leg3_a angle (deg),Final CPG | leg3_e angle (deg),Final CPG | leg4_a angle (deg),Final CPG | leg4_e angle (deg),Final CPG | spine angle (deg),Final CPG | IMU pitch (deg),Final CPG | IMU roll (deg),Final CPG | pitch rate (deg/s),Final CPG | roll rate (deg/s),Final CPG | yaw rate (deg/s),Final CPG | leg1_a torque (N m),Final CPG | leg1_e torque (N m),Final CPG | leg2_a torque (N m),Final CPG | leg2_e torque (N m),Final CPG | leg3_a torque (N m),Final CPG | leg3_e torque (N m),Final CPG | leg4_a torque (N m),Final CPG | leg4_e torque (N m),Final CPG | spine torque (N m),Spine 15 trim | leg1_a angle (deg),Spine 15 trim | leg1_e angle (deg),Spine 15 trim | leg2_a angle (deg),Spine 15 trim | leg2_e angle (deg),Spine 15 trim | leg3_a angle (deg),Spine 15 trim | leg3_e angle (deg),Spine 15 trim | leg4_a angle (deg),Spine 15 trim | leg4_e angle (deg),Spine 15 trim | spine angle (deg),Spine 15 trim | IMU pitch (deg),Spine 15 trim | IMU roll (deg),Spine 15 trim | pitch rate (deg/s),Spine 15 trim | roll rate (deg/s),Spine 15 trim | yaw rate (deg/s),Spine 15 trim | leg1_a torque (N m),Spine 15 trim | leg1_e torque (N m),Spine 15 trim | leg2_a torque (N m),Spine 15 trim | leg2_e torque (N m),Spine 15 trim | leg3_a torque (N m),Spine 15 trim | leg3_e torque (N m),Spine 15 trim | leg4_a torque (N m),Spine 15 trim | leg4_e torque (N m),Spine 15 trim | spine torque (N m),Spine 17.5 trim | leg1_a angle (deg),Spine 17.5 trim | leg1_e angle (deg),Spine 17.5 trim | leg2_a angle (deg),Spine 17.5 trim | leg2_e angle (deg),Spine 17.5 trim | leg3_a angle (deg),Spine 17.5 trim | leg3_e angle (deg),Spine 17.5 trim | leg4_a angle (deg),Spine 17.5 trim | leg4_e angle (deg),Spine 17.5 trim | spine angle (deg),Spine 17.5 trim | IMU pitch (deg),Spine 17.5 trim | IMU roll (deg),Spine 17.5 trim | pitch rate (deg/s),Spine 17.5 trim | roll rate (deg/s),Spine 17.5 trim | yaw rate (deg/s),Spine 17.5 trim | leg1_a torque (N m),Spine 17.5 trim | leg1_e torque (N m),Spine 17.5 trim | leg2_a torque (N m),Spine 17.5 trim | leg2_e torque (N m),Spine 17.5 trim | leg3_a torque (N m),Spine 17.5 trim | leg3_e torque (N m),Spine 17.5 trim | leg4_a torque (N m),Spine 17.5 trim | leg4_e torque (N m),Spine 17.5 trim | spine torque (N m)
1.04167,54.31624,2.34274,-9.33211,33.01328,0.51285,45.00914,33.65628,-19.21682,0.33495,0.56863,2.43019,6.72679,7.51733,-0.50225,-0.00815,0.00914,0.05556,-0.09014,0.01106,-0.02325,-0.11777,0.11195,-0.07102,54.59329,2.08897,-9.34861,32.41039,0.6808,45.19635,34.14758,-18.88154,0.28866,0.6556,2.71831,-4.79413,-7.46867,-0.01406,-0.01118,0.00495,0.05835,-0.09192,0.00738,-0.018,-0.13092,0.13122,-0.07149,53.59216,1.30562,-9.3339,32.94331,1.16926,44.90187,36.74554,-18.44034,2.55892,-0.21167,3.29292,-150.35778,-31.37251,15.02758,-0.00602,0.01726,0.04522,-0.03666,-0.0235,-0.05898,-0.13873,0.1206,-0.00445,53.68097,1.31062,-9.17479,33.2198,1.14925,44.69948,36.92709,-18.6709,2.74488,-0.25151,3.37793,-170.9413,-32.94613,21.1402,-0.00336,0.01362,0.03127,-0.02202,-0.02376,-0.06918,-0.13787,0.1095,0.00432
3.125,54.38041,2.26653,-8.33179,32.5897,0.09684,45.67862,34.21252,-17.97035,0.52368,0.5422,2.41757,-0.59992,-0.22413,-0.52495,0.00373,0.00679,0.06559,-0.10683,-0.00844,-0.00698,-0.13023,0.12777,-0.07146,54.61669,1.99761,-8.41862,32.05632,0.2701,45.8702,34.75897,-17.82749,0.47535,0.59239,2.63631,-8.8564,-11.1849,-0.17262,0.00478,0.00669,0.07439,-0.11764,-0.00957,0.00227,-0.1407,0.14963,-0.07206,53.70127,1.2077,-8.47118,32.27072,0.64251,45.51557,37.36168,-16.6249,3.7994,-1.02438,3.13308,-152.07748,-26.70102,10.35289,0.00294,0.00933,0.07724,-0.0664,-0.02235,-0.02988,-0.14177,0.12048,-0.01234,53.80834,1.24369,-8.32059,32.4791,0.62575,45.32805,37.59945,-16.78058,4.17513,-1.17926,3.21517,-173.10157,-27.20454,15.42406,0.00331,0.00814,0.06654,-0.05195,-0.0228,-0.0404,-0.14053,0.11037,-0.00417
5.20833,54.44003,1.85959,-7.42615,32.38203,-0.83883,46.23328,34.70833,-16.78733,0.75427,0.47157,2.37653,-7.96348,-6.32668,-0.66629,0.01062,-0.00258,0.06781,-0.11081,-0.02998,0.00344,-0.13264,0.13437,-0.06784,54.65462,1.54179,-7.58639,31.91637,-0.69653,46.44485,35.19734,-16.70597,0.70121,0.50208,2.54619,-11.93126,-13.03108,-0.6031,0.01443,0.00379,0.07896,-0.12565,-0.02501,0.01349,-0.1397,0.14809,-0.06828,53.83241,0.79344,-7.82744,31.91962,-0.32161,46.00676,37.78388,-14.84222,4.99165,-1.78954,3.02145,-144.6938,-18.6198,4.72961,0.00904,0.00419,0.10253,-0.08772,-0.01407,-0.00394,-0.13693,0.10231,-0.01966,53.94413,0.86453,-7.71866,32.08118,-0.31774,45.83229,38.07696,-14.94414,5.55285,-2.05652,3.10976,-165.32005,-17.59111,8.20216,0.00766,0.00558,0.09829,-0.07631,-0.01527,-0.0126,-0.13588,0.09486,-0.0126
7.29167,54.51909,0.97603,-6.56283,32.29906,-2.40202,46.63652,35.11292,-15.57739,1.03274,0.35758,2.31222,-15.6334,-11.40564,-0.89478,0.01281,-0.01879,0.06315,-0.10369,-0.04832,0.00808,-0.12744,0.13135,-0.06171,54.73749,0.55818,-6.76528,31.86716,-2.35396,46.89166,35.46611,-15.44981,0.97397,0.38255,2.45304,-16.01935,-15.22526,-1.15433,0.01726,-0.00507,0.07285,-0.11683,-0.0343,0.01554,-0.13129,0.13288,-0.06186,54.00597,-0.03612,-7.28142,31.78059,-1.81494,46.39958,38.05406,-13.13594,6.10248,-2.48117,2.95109,-132.20811,-11.75991,-0.6202,0.01259,0.00218,0.11529,-0.09672,0.00034,0.0134,-0.1293,0.07584,-0.0258,54.10858,0.07919,-7.23749,31.91891,-1.76947,46.23731,38.39784,-13.19817,6.83989,-2.85432,3.05379,-151.91322,-9.07838,1.12095,0.01074,0.00473,0.11852,-0.09005,-0.00176,0.00827,-0.1291,0.07099,-0.02003
9.375,54.61325,-0.49544,-5.71781,32.27611,-4.61247,46.84987,35.45903,-14.31865,1.36227,0.20233,2.22744,-23.55725,-16.05865,-1.11308,0.0124,-0.03793,0.05453,-0.09032,-0.05798,0.00874,-0.1184,0.12174,-0.05524,54.8534,-1.07578,-5.9182,31.83435,-4.73412,47.16601,35.65466,-14.10274,1.29816,0.2289,2.35295,-22.19758,-18.98624,-1.59077,0.0153,-0.0179,0.06045,-0.09782,-0.03422,0.0117,-0.11984,0.11463,-0.0551,54.20135,-1.36984,-6.72448,31.75943,-3.89307,46.70312,38.25529,-11.58381,7.09933,-3.09119,2.90311,-118.47878,-8.68443,-4.58988,0.01472,0.00317,0.11395,-0.09415,0.01763,0.01971,-0.12262,0.05344,-0.03016,54.28732,-1.1987,-6.75123,31.8922,-3.78987,46.55694,38.64028,-11.61059,7.9998,-3.56337,3.02612,-137.11264,-4.60394,-4.29809,0.01377,0.00462,0.12316,-0.09222,0.01495,0.01851,-0.12382,0.04994,-0.02554
11.45833,54.69099,-2.59144,-4.89788,32.28054,-7.38234,46.84038,35.80498,-13.04034,1.7402,0.01116,2.12468,-31.14924,-20.43702,-1.19452,0.0119,-0.05366,0.04539,-0.07663,-0.05564,0.00782,-0.10892,0.10977,-0.05042,54.95561,-3.39167,-5.06301,31.79892,-7.73484,47.21746,35.87287,-12.76069,1.67126,0.03969,2.23912,-29.95981,-23.97025,-1.69555,0.01177,-0.02999,0.04736,-0.07775,-0.02459,0.00666,-0.10889,0.10168,-0.04998,54.36093,-3.26381,-6.09873,31.79677,-6.52846,46.89719,38.45854,-10.24592,7.95671,-3.62228,2.85898,-105.62935,-9.35398,-6.59614,0.01632,0.00675,0.10138,-0.08457,0.03327,0.0166,-0.11791,0.0437,-0.03245,54.43216,-3.03041,-6.18535,31.93139,-6.36285,46.77763,38.87085,-10.23486,9.00475,-4.18635,3.00566,-123.26407,-4.42749,-7.22967,0.01698,0.0053,0.11343,-0.08581,0.03063,0.01837,-0.12074,0.04013,-0.02877
13.54167,54.69964,-5.24927,-4.12643,32.30402,-10.52676,46.58898,36.19545,-11.78953,2.15635,-0.2061,2.00795,-37.3708,-24.16407,-1.03739,0.0128,-0.05992,0.03817,-0.06714,-0.04176,0.00714,-0.10077,0.09858,-0.04834,54.97894,-6.30114,-4.24849,31.77857,-11.13138,47.008,36.19023,-11.50427,2.08211,-0.17843,2.10845,-37.41359,-28.62708,-1.36861,0.0092,-0.03589,0.03772,-0.06403,-0.00847,0.00406,-0.09993,0.09586,-0.0475,54.40674,-5.71284,-5.40626,31.8678,-9.58567,46.9353,38.69163,-9.12786,8.66203,-4.07858,2.80835,-93.58689,-11.93368,-6.74582,0.01733,0.0123,0.08326,-0.07389,0.04319,0.00884,-0.11369,0.04754,-0.03316,54.47297,-5.42483,-5.5323,32.00251,-9.36593,46.85802,39.11533,-9.07636,9.84082,-4.72736,2.97974,-110.25556,-6.84259,-7.78071,0.01926,0.00771,0.0948,-0.07604,0.04121,0.01175,-0.11798,0.04325,-0.03028
15.625,54.57066,-8.30757,-3.42304,32.34971,-13.80041,46.09513,36.64047,-10.60191,2.59343,-0.43542,1.88305,-41.0796,-26.63638,-0.61062,0.01478,-0.05353,0.03344,-0.0634,-0.02052,0.0073,-0.09389,0.0892,-0.049,54.85284,-9.60189,-3.51795,31.79893,-14.62758,46.52789,36.60902,-10.35927,2.51227,-0.41028,1.96501,-42.20269,-31.2277,-0.67009,0.00837,-0.03196,0.03265,-0.05945,0.00918,0.00487,-0.09241,0.09295,-0.04763,54.25911,-8.62756,-4.68938,31.96849,-12.83591,46.76364,38.94103,-8.17889,9.21737,-4.45942,2.75018,-80.85823,-14.2509,-5.6894,0.01687,0.01904,0.06547,-0.06665,0.04545,0.00191,-0.10755,0.05883,-0.03354,54.33223,-8.31128,-4.83433,32.09757,-12.57919,46.74466,39.36164,-8.08962,10.50851,-5.1847,2.94559,-96.34953,-9.57946,-6.79198,0.01893,0.01282,0.07431,-0.06776,0.04448,0.00417,-0.11274,0.05422,-0.03149
17.70833,54.2216,-11.53224,-2.78962,32.42292,-16.94574,45.37436,37.11953,-9.48982,3.0294,-0.66062,1.75581,-41.48529,-27.51975,0.03133,0.01609,-0.03575,0.03021,-0.06396,0.00182,0.00786,-0.08715,0.081,-0.05148,54.50313,-13.01756,-2.88233,31.87212,-17.92546,45.7988,37.07996,-9.30059,2.93953,-0.63606,1.8185,-42.65225,-30.96378,0.21222,0.00852,-0.0182,0.03043,-0.06172,0.02354,0.00744,-0.08473,0.08697,-0.04953,53.84705,-11.82992,-3.99667,32.10001,-16.0079,46.34521,39.17813,-7.32331,9.63535,-4.7589,2.68887,-65.98068,-15.00126,-4.24696,0.01427,0.02583,0.05171,-0.06435,0.04097,-0.00061,-0.09794,0.06874,-0.0353,53.93432,-11.5271,-4.14713,32.21997,-15.7331,46.39517,39.58577,-7.20581,11.0177,-5.55026,2.90675,-79.82139,-11.02217,-5.3288,0.01526,0.02046,0.05745,-0.06365,0.04094,7e-05,-0.1033,0.06487,-0.03417
19.79167,53.55725,-14.65886,-2.20988,32.53005,-19.7355,44.44925,37.60322,-8.44843,3.44115,-0.86661,1.62911,-38.49738,-27.13561,0.77045,0.01495,-0.01169,0.02689,-0.0657,0.01947,0.00814,-0.07964,0.07311,-0.05442,53.8448,-16.25617,-2.3167,31.99406,-20.78439,44.86084,37.5447,-8.28767,3.34171,-0.83748,1.67847,-38.54476,-28.50778,1.05259,0.00861,0.00156,0.02823,-0.0656,0.03175,0.00916,-0.07579,0.07505,-0.05201,53.10749,-15.0739,-3.35466,32.26166,-18.85262,45.67514,39.38979,-6.50402,9.93034,-4.97033,2.62942,-48.75699,-14.12378,-3.00468,0.01022,0.03125,0.04253,-0.06559,0.03299,0.00157,-0.08534,0.07107,-0.03989,53.20729,-14.83095,-3.50614,32.37488,-18.57416,45.79541,39.78048,-6.37217,11.37902,-5.81488,2.8685,-60.39703,-10.67444,-4.13751,0.00964,0.02878,0.04625,-0.06362,0.03346,0.00084,-0.09019,0.06892,-0.03966
21.875,52.47679,-17.43749,-1.66081,32.68442,-21.99722,43.3388,38.07582,-7.4709,3.80795,-1.04236,1.50048,-32.80582,-26.48961,1.47134,0.01102,0.01184,0.02246,-0.06577,0.02922,0.00803,-0.07159,0.0655,-0.05651,52.77769,-19.06505,-1.77948,32.15897,-23.04847,43.75011,37.97644,-7.30324,3.69953,-1.00294,1.54786,-31.16337,-25.74154,1.68599,0.00875,0.02112,0.02403,-0.06626,0.03355,0.00855,-0.06607,0.05976,-0.05393,51.97997,-18.08832,-2.75946,32.45543,-21.19204,44.77827,39.59365,-5.71165,10.10892,-5.09216,2.57462,-30.56825,-12.36953,-2.08562,0.00715,0.03382,0.03605,-0.06764,0.02531,0.00596,-0.07215,0.06555,-0.04773,52.08264,-17.94304,-2.91282,32.56935,-20.91788,44.96117,39.96802,-5.57912,11.5957,-5.97545,2.83534,-39.65171,-8.88556,-3.34691,0.00562,0.03472,0.0393,-0.06587,0.02568,0.00478,-0.07606,0.06541,-0.04824
23.95833,50.89301,-19.66753,-1.12761,32.91285,-23.61819,42.05295,38.54446,-6.55985,4.11396,-1.18261,1.36178,-25.66599,-26.89171,2.02802,0.00609,0.02905,0.01715,-0.06304,0.0313,0.00824,-0.06458,0.05918,-0.0569,51.19873,-21.26443,-1.24032,32.37953,-24.63879,42.4803,38.3945,-6.36903,3.99784,-1.12947,1.41929,-22.64374,-24.82427,2.06485,0.01065,0.03448,0.01787,-0.06199,0.03061,0.00649,-0.05768,0.04738,-0.05442,50.40849,-20.62863,-2.18949,32.69658,-22.93177,43.69095,39.83023,-4.98282,10.16442,-5.13074,2.52505,-13.63,-10.57593,-1.19808,0.00835,0.03254,0.02966,-0.06852,0.02033,0.00934,-0.06141,0.05734,-0.05786,50.50191,-20.60089,-2.3451,32.81908,-22.66611,43.92387,40.19037,-4.8596,11.6599,-6.03869,2.81065,-20.17072,-6.30223,-2.54868,0.00726,0.03544,0.03338,-0.06841,0.02013,0.00869,-0.06427,0.05866,-0.05887
26.04167,48.76348,-21.21659,-0.61235,33.25629,-24.53864,40.59705,39.03055,-5.72737,4.34909,-1.28772,1.20179,-18.49536,-29.34508,2.38961,0.00332,0.0373,0.01217,-0.05849,0.02867,0.00984,-0.06064,0.05527,-0.05529,49.03651,-22.75391,-0.69912,32.69763,-25.52534,41.04099,38.84639,-5.53004,4.22576,-1.22098,1.27677,-15.02715,-27.117,2.24816,0.01671,0.03819,0.01161,-0.05479,0.02516,0.00571,-0.05334,0.04339,-0.05298,48.3587,-22.52059,-1.62795,33.02045,-24.03826,42.43873,40.1391,-4.37019,10.07866,-5.09812,2.47978,0.32126,-9.24209,0.08669,0.01603,0.02757,0.02181,-0.06811,0.01791,0.01003,-0.05528,0.0533,-0.06828,48.43591,-22.61175,-1.7816,33.1541,-23.78671,42.70999,40.48504,-4.26219,11.55557,-6.01859,2.79643,-4.00579,-3.57155,-1.18029,0.01669,0.0301,0.02581,-0.07035,0.01698,0.01025,-0.05717,0.05514,-0.06961
28.125,46.12498,-22.02429,-0.1314,33.7618,-24.74476,38.98561,39.55115,-4.98453,4.50853,-1.3621,1.01067,-12.46146,-34.0142,2.55678,0.00549,0.03758,0.00886,-0.05432,0.02524,0.01321,-0.06106,0.05396,-0.05197,46.29913,-23.49955,-0.18465,33.17702,-25.70255,39.4168,39.37202,-4.81984,4.37656,-1.28443,1.10219,-9.51734,-32.52787,2.33587,0.02804,0.03253,0.00756,-0.04877,0.0189,0.0089,-0.05481,0.04839,-0.04961,45.84851,-23.68221,-1.07915,33.47785,-24.50185,41.02514,40.5353,-3.90381,9.83063,-5.00569,2.4359,11.10507,-8.66652,1.99494,0.02941,0.02046,0.01278,-0.06791,0.01569,0.00895,-0.05398,0.05761,-0.07669,45.91321,-23.88308,-1.22224,33.61621,-24.27487,41.32795,40.86313,-3.81525,11.26662,-5.92874,2.79111,8.63155,-1.48933,1.02567,0.03211,0.02083,0.01603,-0.07204,0.01413,0.00954,-0.05498,0.0593,-0.07851
30.20833,43.11615,-22.09723,0.2962,34.46805,-24.26897,37.25887,40.10448,-4.3285,4.59152,-1.41205,0.78483,-8.22001,-40.04811,2.5576,0.01303,0.03336,0.00784,-0.05246,0.02417,0.01725,-0.06537,0.05394,-0.04771,43.114,-23.51622,0.26515,33.8799,-25.18589,37.61898,39.97443,-4.23135,4.44807,-1.32639,0.88384,-6.27313,-39.58358,2.39115,0.04271,0.02114,0.00691,-0.04742,0.01275,0.0164,-0.06168,0.05721,-0.04488,42.97843,-24.11974,-0.56789,34.11848,-24.31377,39.44026,41.00125,-3.56727,9.40788,-4.8574,2.38599,20.28622,-9.41554,4.34131,0.04398,0.01403,0.00436,-0.06957,0.01072,0.00885,-0.05576,0.06923,-0.08164,43.04516,-24.42233,-0.69179,34.24657,-24.12543,39.7725,41.30386,-3.5038,10.78619,-5.77374,2.78529,19.64064,-1.33203,3.78534,0.04749,0.01228,0.00571,-0.07424,0.00879,0.00888,-0.05581,0.07082,-0.08444
32.29167,39.97367,-21.50072,0.66196,35.39116,-23.19599,35.49236,40.67025,-3.73682,4.60006,-1.44396,0.52973,-5.8702,-45.85416,2.42145,0.02311,0.02866,0.00851,-0.05335,0.02683,0.01921,-0.07121,0.05303,-0.04361,39.7356,-22.85801,0.62846,34.83941,-24.03075,35.71246,40.61671,-3.71311,4.44314,-1.35162,0.62294,-4.73471,-46.12834,2.39788,0.0554,0.0093,0.00897,-0.05129,0.00753,0.02503,-0.07105,0.06196,-0.04001,39.94293,-23.90415,-0.12264,34.96993,-23.47513,37.68628,41.49859,-3.30274,8.81503,-4.64677,2.31566,30.35091,-12.59021,6.56228,0.05258,0.01146,-0.00146,-0.07326,0.00165,0.01213,-0.05784,0.08275,-0.08311,40.03129,-24.3099,-0.22442,35.06867,-23.33689,38.04583,41.76872,-3.27247,10.12244,-5.5449,2.75869,32.06943,-4.87149,6.34021,0.05459,0.00982,-0.00243,-0.07687,-0.00049,0.01097,-0.05674,0.08503,-0.08757
34.375,36.99609,-20.34979,0.97446,36.51742,-21.66589,33.79222,41.22546,-3.17391,4.53779,-1.4634,0.25967,-5.08726,-49.69083,2.16776,0.03031,0.02631,0.00945,-0.05561,0.03304,0.0156,-0.07519,0.04953,-0.04087,36.50787,-21.61946,0.91492,36.04236,-22.35757,33.82103,41.24714,-3.19469,4.36949,-1.36392,0.33525,-4.19001,-50.23606,2.27756,0.05904,0.00184,0.01156,-0.05755,0.00481,0.0289,-0.07856,0.05722,-0.03667,37.00914,-23.14104,0.24587,36.02309,-22.03367,35.80592,41.99211,-3.04101,8.07469,-4.35964,2.20431,43.32803,-19.46905,7.96739,0.04825,0.01514,-0.00372,-0.077,-0.00978,0.01855,-0.05765,0.09181,-0.08256,37.13444,-23.66038,0.15999,36.07562,-21.94647,36.18397,42.22625,-3.05225,9.29751,-5.22327,2.68178,48.4314,-13.74005,7.81479,0.04639,0.01705,-0.00637,-0.0784,-0.01223,0.01647,-0.05523,0.09579,-0.08914
36.45833,34.48218,-18.79768,1.25574,37.80606,-19.86359,32.27474,41.76537,-2.60772,4.40929,-1.47495,-0.00547,-5.32762,-50.29787,1.81461,0.02889,0.02718,0.00923,-0.05676,0.0419,0.00365,-0.07427,0.04327,-0.0405,33.78736,-19.94,1.16188,37.43118,-20.35976,32.10336,41.83637,-2.6268,4.23793,-1.36769,0.04706,-4.2001,-50.86158,1.95379,0.04785,0.00156,0.0124,-0.06143,0.00724,0.02198,-0.08007,0.04373,-0.03649,34.46363,-21.9465,0.5562,37.23218,-20.12339,33.89585,42.47078,-2.73866,7.2201,-3.98172,2.03121,59.62284,-30.5624,8.06656,0.02747,0.0256,-0.00303,-0.07735,-0.01883,0.02435,-0.05387,0.09275,-0.08212,34.62839,-22.58925,0.47208,37.22906,-20.07268,34.27222,42.67178,-2.79511,8.34015,-4.78895,2.52462,69.22442,-28.29823,7.64951,0.02055,0.03391,-0.006,-0.07635,-0.02195,0.02267,-0.05021,0.09908,-0.09072
38.54167,32.66304,-17.01854,1.52983,39.20022,-17.99038,31.03708,42.31518,-2.02881,4.21964,-1.48229,-0.24517,-6.00532,-47.28256,1.39757,0.01545,0.03056,0.00725,-0.05448,0.05268,-0.01722,-0.0671,0.03569,-0.04287,31.85279,-17.99922,1.41437,38.92325,-18.2787,30.70733,42.40219,-2.01355,4.05914,-1.36854,-0.21248,-4.65401,-47.96291,1.42339,0.02038,0.00868,0.0104,-0.0589,0.01762,0.00112,-0.0734,0.02822,-0.04028,32.5441,-20.43502,0.84917,38.52971,-17.9756,32.09408,42.95333,-2.40152,6.28269,-3.50718,1.78567,77.69493,-44.61926,6.79714,-0.00776,0.04103,-0.00114,-0.07122,-0.01958,0.02355,-0.04664,0.08634,-0.08338,32.73439,-21.19675,0.7502,38.47092,-17.93334,32.43752,43.13029,-2.49763,7.27554,-4.23243,2.27039,92.45979,-46.63657,5.86959,-0.01895,0.05633,-0.00308,-0.06852,-0.02384,0.02412,-0.0422,0.09491,-0.09322
40.625,31.65123,-15.18343,1.8104,40.6402,-16.22317,30.13098,42.92291,-1.46382,3.97413,-1.48812,-0.44301,-6.59376,-41.12419,0.98162,-0.00924,0.03519,0.00405,-0.04781,0.06505,-0.04477,-0.05448,0.02864,-0.04749,30.83493,-15.99453,1.70077,40.43711,-16.3482,29.72196,43.00509,-1.42034,3.84011,-1.37194,-0.41954,-5.49944,-42.1565,0.78894,-0.01913,0.02127,0.00628,-0.04882,0.0373,-0.03194,-0.05917,0.01898,-0.04753,31.38193,-18.71748,1.16489,39.8489,-15.88253,30.54329,43.47596,-2.08356,5.28111,-2.9441,1.47678,94.72795,-58.32386,4.53693,-0.05009,0.0577,8e-05,-0.05776,-0.00761,0.01089,-0.0371,0.0765,-0.08648,31.57066,-19.56966,1.03904,39.74209,-15.81654,30.81772,43.64128,-2.20287,6.11761,-3.56225,1.92791,114.44564,-64.46863,3.05187,-0.06296,0.07762,-0.0002,-0.05455,-0.01334,0.01522,-0.0327,0.08648,-0.09623
42.70833,31.42473,-13.43358,2.0936,42.07328,-14.67611,29.55087,43.63554,-0.97879,3.67827,-1.49383,-0.58958,-6.67004,-32.857,0.6528,-0.04019,0.04019,0.00096,-0.03753,0.07872,-0.07447,-0.03899,0.02264,-0.05294,30.694,-14.10391,2.0176,41.91214,-14.72988,29.14937,43.71514,-0.95638,3.58212,-1.38068,-0.561,-6.41709,-34.21797,0.22964,-0.06181,0.03634,0.00193,-0.03351,0.06457,-0.07081,-0.04049,0.01992,-0.05616,30.97874,-16.90175,1.51652,41.14205,-14.12028,29.34587,44.07064,-1.866,4.21715,-2.31435,1.13693,107.8909,-67.13282,1.90996,-0.08939,0.07116,-0.00036,-0.03912,0.0177,-0.01516,-0.02666,0.06695,-0.08986,31.13457,-17.79203,1.3612,40.99857,-14.0075,29.52009,44.23545,-1.98368,4.86808,-2.8056,1.53578,131.38488,-76.29769,0.02296,-0.10055,0.09118,0.00064,-0.0365,0.01055,-0.00669,-0.02325,0.07725,-0.09812
44.79167,31.84991,-11.85866,2.35822,43.45701,-13.38051,29.2419,44.4712,-0.67316,3.33828,-1.49909,-0.68304,-5.94848,-23.63574,0.48927,-0.07008,0.04531,-0.0008,-0.02573,0.09263,-0.10101,-0.02379,0.01595,-0.05725,31.25197,-12.44683,2.33031,43.31361,-13.46936,28.90997,44.56926,-0.74552,3.2818,-1.39276,-0.63566,-6.73302,-24.77101,-0.07663,-0.09744,0.05087,-0.00086,-0.01748,0.09428,-0.1068,-0.02164,0.02689,-0.06312,31.22549,-15.08896,1.87537,42.38652,-12.86231,28.53166,44.74764,-1.83285,3.0813,-1.64823,0.8154,115.49587,-67.06166,-0.50008,-0.11657,0.07778,-0.00222,-0.01971,0.05236,-0.05083,-0.01647,0.0584,-0.09092,31.32366,-15.95274,1.69791,42.21744,-12.70009,28.58848,44.9178,-1.92162,3.52301,-2.00165,1.15412,140.93217,-77.53541,-2.53394,-0.1233,0.09301,-0.00099,-0.01825,0.04435,-0.03923,-0.01474,0.06814,-0.09678
46.875,32.73262,-10.48835,2.57015,44.75756,-12.2925,29.12443,45.40393,-0.66826,2.96203,-1.50205,-0.72759,-4.33173,-14.40594,0.52562,-0.09209,0.05054,-0.00082,-0.01475,0.10464,-0.12012,-0.01142,0.00513,-0.05855,32.26394,-11.06106,2.5863,44.624,-12.49527,28.87908,45.54433,-0.90366,2.93533,-1.40167,-0.6517,-5.68583,-14.31896,-0.03828,-0.11833,0.06245,-0.00154,-0.0051,0.11924,-0.13233,-0.00637,0.02906,-0.06551,31.95362,-13.36327,2.17563,43.57699,-12.12394,28.05432,45.49242,-2.05922,1.86543,-0.977,0.56323,117.46816,-56.60383,-2.37522,-0.12703,0.07592,-0.00441,-0.00421,0.08902,-0.08808,-0.00727,0.04793,-0.08734,31.98425,-14.14193,1.98942,43.39088,-11.93387,27.99488,45.66663,-2.09577,2.08419,-1.1914,0.84566,142.92776,-66.61817,-4.34997,-0.12834,0.08319,-0.00402,-0.00389,0.08112,-0.07533,-0.00735,0.05667,-0.09068
48.95833,33.87649,-9.30112,2.68565,45.94729,-11.32549,29.12409,46.37083,-1.09355,2.56006,-1.50014,-0.73118,-1.96134,-5.79749,0.73099,-0.10249,0.0555,0.00028,-0.00622,0.112,-0.12985,-0.00299,-0.01271,-0.05586,33.49763,-9.90718,2.72923,45.8296,-11.6633,28.93778,46.56296,-1.53245,2.54424,-1.39936,-0.6222,-2.90287,-3.50432,0.30436,-0.12217,0.06953,-0.00105,0.00149,0.13282,-0.14374,0.00328,0.0151,-0.0618,32.99424,-11.77939,2.33573,44.71092,-11.76612,27.81814,46.27693,-2.61739,0.57672,-0.32676,0.41539,114.97661,-37.74974,-3.72204,-0.12199,0.06645,-0.00589,0.0045,0.11958,-0.11764,0.00037,0.03145,-0.07835,32.96504,-12.4368,2.15445,44.51393,-11.58819,27.65971,46.4479,-2.58648,0.56999,-0.40871,0.65389,139.02606,-46.00819,-5.59033,-0.11897,0.0655,-0.00673,0.00415,0.11298,-0.10584,-0.00103,0.03904,-0.07986
51.04167,35.1271,-8.24704,2.65047,47.00531,-10.39316,29.1948,47.29887,-2.07105,2.14628,-1.49138,-0.70318,0.78377,1.79073,1.01568,-0.10169,0.05916,0.00134,-0.00057,0.11248,-0.13088,0.00183,-0.03731,-0.04956,34.78968,-8.90002,2.70472,46.91284,-10.82556,29.01509,47.52958,-2.72432,2.11989,-1.38062,-0.56099,1.23276,6.68871,0.79824,-0.11241,0.07145,-0.001,0.00305,0.13173,-0.14217,0.00744,-0.01907,-0.05262,34.21992,-10.35543,2.28366,45.77715,-11.55895,27.7225,47.07622,-3.59093,-0.75397,0.2839,0.37844,109.55589,-15.44559,-4.75973,-0.10746,0.05225,-0.00621,0.0065,0.13816,-0.13286,0.00587,0.00751,-0.06535,34.1526,-10.88535,2.11695,45.57448,-11.43839,27.49093,47.23384,-3.48589,-0.97938,0.32389,0.58813,131.55791,-21.43248,-6.64406,-0.10258,0.04558,-0.00787,0.00601,0.13396,-0.12336,0.00408,0.01368,-0.06614
53.125,36.38981,-7.27524,2.39647,47.9219,-9.4447,29.32592,48.13665,-3.6963,1.73756,-1.47554,-0.65283,3.38413,8.05313,1.26617,-0.0935,0.06017,0.00149,0.00278,0.10565,-0.12572,0.00421,-0.06385,-0.04136,36.06142,-7.95325,2.45497,47.85589,-9.89318,29.10348,48.37651,-4.56323,1.68431,-1.3465,-0.47992,5.60893,15.03415,1.25097,-0.09616,0.06842,-0.00232,0.00231,0.11758,-0.13229,0.00779,-0.06586,-0.04068,35.55455,-9.07688,1.97261,46.7551,-11.27656,27.70256,47.87773,-5.07899,-2.07348,0.84282,0.42968,102.30258,4.37527,-5.72573,-0.09118,0.03714,-0.0057,0.00445,0.14292,-0.13224,0.00873,-0.02002,-0.05153,35.47722,-9.4982,1.82515,46.55247,-11.24873,27.42294,48.01283,-4.89924,-2.50516,0.99385,0.62272,122.34709,0.40639,-7.8309,-0.08707,0.02859,-0.00726,0.00417,0.14185,-0.12522,0.00748,-0.01592,-0.05264
55.20833,37.62161,-6.35498,1.84217,48.70359,-8.47809,29.53272,48.87313,-6.01525,1.35197,-1.45438,-0.58832,5.36321,12.72557,1.39247,-0.08302,0.0577,0.00085,0.00484,0.09341,-0.11747,0.00538,-0.08395,-0.03367,37.29724,-7.01686,1.91002,48.65251,-8.86456,29.2438,49.09291,-7.10679,1.2663,-1.30451,-0.38792,8.85972,20.49106,1.51903,-0.08083,0.06158,-0.00433,0.00216,0.09621,-0.11978,0.00656,-0.10775,-0.02971,36.95446,-7.91156,1.37964,47.62474,-10.78012,27.74776,48.67624,-7.17683,-3.31716,1.34162,0.52855,93.60985,17.2726,-6.72053,-0.07932,0.02449,-0.00486,0.00194,0.1362,-0.11968,0.00888,-0.04244,-0.04069,36.89319,-8.25466,1.2536,47.42873,-10.85981,27.4375,48.78317,-6.9251,-3.94061,1.59447,0.71081,112.14087,14.59034,-9.20303,-0.0776,0.01744,-0.00557,0.00192,0.13847,-0.1143,0.00872,-0.04135,-0.04266
57.29167,38.80844,-5.48255,0.90375,49.37416,-7.52908,29.83715,49.53197,-9.00156,1.00615,-1.43092,-0.51622,6.48649,15.66639,1.3641,-0.07438,0.05216,0.00054,0.00639,0.07945,-0.10865,0.0061,-0.08902,-0.02862,38.50515,-6.09145,0.9883,49.31881,-7.80963,29.49061,49.71939,-10.34977,0.89416,-1.26525,-0.29102,10.05896,22.72735,1.56428,-0.07107,0.05286,-0.00482,0.00404,0.07519,-0.1088,0.00551,-0.12531,-0.02296,38.37816,-6.82911,0.49186,48.38036,-10.05315,27.89166,49.45775,-9.93438,-4.42481,1.77426,0.63465,83.51391,22.05325,-7.67249,-0.07433,0.0163,-0.00381,0.0016,0.12298,-0.10224,0.00703,-0.05018,-0.0357,38.35099,-7.1206,0.39047,48.19756,-10.23218,27.55851,49.53479,-9.61571,-5.22507,2.12113,0.80592,100.87388,19.86377,-10.54385,-0.0751,0.01228,-0.00357,0.0017,0.12824,-0.09733,0.00788,-0.05278,-0.03845
59.375,39.94305,-4.67339,-0.48203,49.96822,-6.64457,30.24962,50.14412,-12.54305,0.71226,-1.40784,-0.44103,6.87467,16.99959,1.21665,-0.06935,0.04528,0.00206,0.00774,0.06774,-0.10068,0.0066,-0.07454,-0.02724,39.6836,-5.21542,-0.3852,49.89335,-6.82267,29.8773,50.31088,-14.18607,0.588,-1.23705,-0.19265,9.23984,22.39585,1.45199,-0.06755,0.04464,-0.00139,0.00739,0.06062,-0.10081,0.00538,-0.10727,-0.02187,39.76615,-5.81565,-0.70762,49.03817,-9.17855,28.18135,50.18369,-13.31092,-5.35502,2.13767,0.72359,72.31605,20.91095,-8.42036,-0.0748,0.01286,-0.00192,0.00397,0.10852,-0.08683,0.00467,-0.03815,-0.03735,39.78089,-6.06892,-0.77797,48.87398,-9.43155,27.82622,50.23178,-12.93428,-6.3161,2.57047,0.88063,88.4508,18.70418,-11.53693,-0.07692,0.01128,-0.00135,0.004,0.11593,-0.0816,0.00592,-0.04422,-0.0404
61.45833,41.01401,-3.946,-2.32928,50.5181,-5.85605,30.76048,50.71391,-16.44748,0.47604,-1.38591,-0.36486,6.95888,17.18814,1.02638,-0.06733,0.0394,0.00633,0.00884,0.06082,-0.09397,0.00682,-0.04294,-0.02903,40.81044,-4.43486,-2.24574,50.42318,-5.97069,30.39814,50.88897,-18.39554,0.35496,-1.22149,-0.09386,7.41998,20.92991,1.29657,-0.06774,0.03898,0.00697,0.01052,0.05477,-0.095,0.006,-0.05742,-0.02556,41.04359,-4.87682,-2.24071,49.63149,-8.27581,28.644,50.78822,-17.15199,-6.0927,2.43394,0.79328,60.97437,17.91471,-8.8386,-0.07715,0.01308,0.00179,0.00765,0.09635,-0.07742,0.0035,-0.00941,-0.04411,41.09923,-5.09199,-2.27161,49.48958,-8.57066,28.26634,50.8089,-16.73318,-7.19579,2.94235,0.93369,75.43439,15.60259,-11.97596,-0.07909,0.01211,0.00179,0.00752,0.10479,-0.07183,0.00431,-0.01745,-0.04692
63.54167,42.00809,-3.30718,-4.58112,51.03919,-5.16598,31.34385,51.19791,-20.4721,0.29631,-1.36338,-0.28747,7.28494,16.94143,0.86739,-0.06648,0.0363,0.01291,0.0096,0.05881,-0.08854,0.00679,-0.00345,-0.03234,41.85459,-3.77369,-4.55499,50.94145,-5.26393,31.01397,51.41143,-22.67464,0.18921,-1.21231,0.00625,6.08598,19.90697,1.18955,-0.06815,0.03687,0.01873,0.01191,0.05567,-0.08984,0.00666,0.00597,-0.03138,42.14425,-4.02865,-4.11814,50.19418,-7.43481,29.2682,51.19328,-21.20706,-6.6475,2.67164,0.85817,50.93149,16.69834,-8.91285,-0.07797,0.01523,0.00786,0.01055,0.08746,-0.07408,0.00459,0.02528,-0.05272,42.2342,-4.20034,-4.10283,50.07722,-7.74273,28.87051,51.18725,-20.77018,-7.86968,3.24246,0.98303,63.13278,14.51901,-11.87296,-0.0787,0.0131,0.00671,0.01026,0.09574,-0.06879,0.00429,0.01771,-0.05509
65.625,42.91986,-2.74627,-7.10669,51.52021,-4.5522,31.96988,51.50911,-24.37119,0.16633,-1.33651,-0.20693,8.25961,16.97122,0.77464,-0.06516,0.03624,0.02005,0.0101,0.05963,-0.08447,0.00677,0.03143,-0.03514,42.79791,-3.21991,-7.18587,51.44775,-4.66062,31.6748,51.77689,-26.70802,0.07638,-1.19853,0.10972,6.4104,20.3088,1.1515,-0.06651,0.03777,0.03022,0.0113,0.05877,-0.0846,0.00674,0.05832,-0.03627,43.04042,-3.28289,-6.31299,50.74072,-6.68018,30.00772,51.33454,-25.18628,-7.04519,2.86452,0.93609,43.44293,18.62979,-8.71654,-0.07569,0.01773,0.01561,0.01134,0.08074,-0.07415,0.00763,0.05215,-0.05952,43.15594,-3.40994,-6.25041,50.65177,-6.98153,29.59709,51.30148,-24.76173,-8.3599,3.48265,1.04993,53.01167,16.90571,-11.39991,-0.07515,0.0138,0.01349,0.01095,0.08782,-0.07,0.00607,0.04746,-0.0616
67.70833,43.7594,-2.24044,-9.72243,51.92309,-3.98469,32.6174,51.54484,-27.94561,0.07625,-1.30113,-0.12064,9.97237,17.72202,0.73211,-0.06283,0.03781,0.02545,0.01053,0.06035,-0.08201,0.00712,0.05128,-0.03599,43.6506,-2.73362,-9.93869,51.90212,-4.09898,32.34482,51.86234,-30.25348,0.00015,-1.1699,0.21857,8.64625,22.10408,1.13251,-0.06281,0.0398,0.03721,0.00973,0.05966,-0.07993,0.00596,0.08053,-0.03811,43.76006,-2.63605,-8.73969,51.2533,-5.97986,30.80316,51.18318,-28.83353,-7.31605,3.02736,1.03557,38.83534,22.45188,-8.31355,-0.07091,0.01958,0.0231,0.01024,0.07428,-0.07454,0.01096,0.06113,-0.06164,43.89263,-2.72711,-8.63624,51.19698,-6.26464,30.38952,51.12271,-28.45246,-8.69546,3.67792,1.14408,45.82844,21.34925,-10.71526,-0.0698,0.01458,0.02087,0.00981,0.07947,-0.07197,0.00857,0.0606,-0.06379
69.79167,44.55173,-1.76656,-12.23175,52.19242,-3.44372,33.28017,51.2239,-31.07405,0.01575,-1.25414,-0.02629,12.19223,19.23664,0.69032,-0.06011,0.03876,0.02732,0.01095,0.05886,-0.08135,0.00804,0.05242,-0.03465,44.44958,-2.26997,-12.5866,52.23588,-3.53544,33.01561,51.57237,-33.20018,-0.05229,-1.1217,0.33386,12.05557,24.4181,1.05572,-0.05877,0.0407,0.03706,0.00862,0.05638,-0.07722,0.0046,0.06838,-0.03663,44.3794,-2.06914,-11.25305,51.68293,-5.28585,31.60763,50.74931,-31.98227,-7.48506,3.17068,1.15138,36.21269,25.53733,-7.66531,-0.06543,0.02054,0.02781,0.00863,0.0667,-0.07373,0.01242,0.051,-0.05786,44.52194,-2.14092,-11.12094,51.66543,-5.55054,31.20029,50.66228,-31.66973,-8.90326,3.84124,1.25838,41.09277,24.95428,-9.80553,-0.06462,0.01596,0.0265,0.00826,0.06974,-0.0726,0.00999,0.05402,-0.06026
71.875,45.32795,-1.31201,-14.46824,52.2694,-2.92896,33.96393,50.51341,-33.71216,-0.0241,-1.19433,0.07785,14.5438,21.24766,0.60112,-0.05801,0.03734,0.0253,0.01114,0.05499,-0.08228,0.00943,0.03949,-0.03204,45.24119,-1.8027,-14.93275,52.37367,-2.96721,33.70193,50.87303,-35.56857,-0.08799,-1.05607,0.45583,15.42303,26.21373,0.87342,-0.05634,0.03892,0.03016,0.00864,0.05014,-0.07745,0.00329,0.0344,-0.03324,44.99327,-1.55833,-13.6723,51.96372,-4.57823,32.40215,50.06346,-34.56818,-7.56656,3.29736,1.27069,33.87268,25.96514,-6.61951,-0.06074,0.02091,0.02795,0.00798,0.05784,-0.07252,0.01068,0.03001,-0.04861,45.1405,-1.62803,-13.52539,51.99143,-4.82194,32.00714,49.95268,-34.33844,-9.00174,3.97888,1.3763,37.26408,25.59452,-8.46227,-0.06062,0.01802,0.02807,0.00783,0.05887,-0.07224,0.00901,0.03424,-0.05101
73.95833,46.11339,-0.87862,-16.32493,52.10387,-2.4558,34.6775,49.4328,-35.85963,-0.05031,-1.12172,0.19343,16.76259,23.44737,0.44833,-0.05712,0.03332,0.02052,0.01071,0.05046,-0.08408,0.01101,0.02312,-0.02963,46.05946,-1.33508,-16.85411,52.25457,-2.42838,34.42497,49.79302,-37.44872,-0.10976,-0.97903,0.58524,17.85495,27.08733,0.59976,-0.05629,0.03451,0.01974,0.00922,0.04428,-0.08023,0.00289,0.00125,-0.03009,45.67749,-1.08988,-15.82155,52.03217,-3.88466,33.1942,49.14672,-36.59478,-7.56359,3.40309,1.38581,30.24341,24.138,-5.00063,-0.05709,0.02129,0.02345,0.00872,0.04859,-0.07313,0.00633,0.01152,-0.03551,45.8259,-1.16681,-15.67106,52.10988,-4.10697,32.81369,49.0168,-36.45149,-8.99814,4.08937,1.4869,32.61866,23.65292,-6.42194,-0.05729,0.02042,0.02464,0.00902,0.04808,-0.07308,0.00584,0.01398,-0.03722
76.04167,46.91966,-0.47785,-17.75882,51.65937,-2.04293,35.42366,48.03559,-37.51153,-0.06818,-1.03623,0.32308,18.87661,25.7681,0.25661,-0.05722,0.02822,0.01488,0.00953,0.0477,-0.08583,0.01263,0.01473,-0.02859,46.91294,-0.89299,-18.31274,51.84183,-1.96495,35.19457,48.39507,-38.90652,-0.11952,-0.8949,0.72538,19.37948,27.68083,0.30083,-0.05778,0.02914,0.01023,0.00908,0.04204,-0.08388,0.00427,-0.01013,-0.02887,46.46208,-0.66989,-17.56855,51.84128,-3.26436,34.00286,47.98915,-38.0736,-7.47047,3.48047,1.50515,24.78564,22.90843,-2.74913,-0.05356,0.02233,0.01614,0.00998,0.04025,-0.07747,0.00191,0.00684,-0.02061,46.60957,-0.75159,-17.42117,51.97117,-3.46533,33.63684,47.84558,-38.01471,-8.88877,4.16635,1.59793,26.26034,22.15703,-3.58202,-0.05319,0.02284,0.01738,0.01094,0.03873,-0.07746,0.00256,0.00546,-0.02073
78.125,47.74459,-0.12135,-18.77151,50.91165,-1.69966,36.19545,46.3829,-38.61954,-0.08196,-0.93629,0.47105,21.19573,28.48107,0.07444,-0.05753,0.02433,0.01,0.0081,0.04832,-0.08691,0.01444,0.02108,-0.02924,47.78726,-0.50613,-19.3314,51.11835,-1.60542,36.00145,46.73869,-39.90722,-0.12123,-0.80172,0.88322,20.961,29.40535,0.05093,-0.0591,0.02517,0.00482,0.00747,0.04471,-0.08645,0.00803,0.0088,-0.02991,47.3272,-0.32198,-18.84433,51.36315,-2.76834,34.84153,46.55399,-38.97436,-7.27619,3.5242,1.65471,18.26932,26.03745,-0.01392,-0.04895,0.02454,0.00885,0.01028,0.03371,-0.08576,0.00087,0.01925,-0.00577,47.47228,-0.39714,-18.70358,51.54533,-2.94944,34.49026,46.40223,-38.99914,-8.66146,4.20367,1.73793,18.60741,25.13585,-0.1443,-0.04721,0.02541,0.00911,0.01189,0.03163,-0.08612,0.00214,0.01403,-0.00365
80.20833,48.5785,0.18727,-19.37885,49.84524,-1.42023,36.97945,44.5266,-39.08561,-0.09493,-0.8186,0.6426,24.09636,32.0194,-0.05691,-0.05744,0.02336,0.00637,0.00768,0.05209,-0.08745,0.01687,0.04125,-0.03095,48.65996,-0.18907,-19.94878,50.07433,-1.34438,36.82321,44.86027,-40.30058,-0.12129,-0.69043,1.06824,23.87828,33.56867,-0.115,-0.05898,0.02431,0.00387,0.00526,0.05089,-0.08701,0.01417,0.05017,-0.03222,48.22157,-0.07301,-19.63646,50.58158,-2.4015,35.70922,44.81124,-39.21542,-6.96761,3.53389,1.86742,12.17495,35.7961,2.87595,-0.04297,0.02822,0.00388,0.00886,0.02913,-0.09628,0.00551,0.04236,0.00763,48.36213,-0.12954,-19.50595,50.81583,-2.56576,35.3746,44.65648,-39.32927,-8.2995,4.199,1.94437,10.97677,35.06906,3.42778,-0.0396,0.02881,0.00285,0.01075,0.02668,-0.09759,0.00671,0.03557,0.01207
82.29167,49.41149,0.45479,-19.58685,48.45413,-1.18699,37.76331,42.51304,-38.79547,-0.10894,-0.67947,0.84195,27.7108,36.59931,-0.12882,-0.05698,0.02525,0.00336,0.00964,0.057,-0.08821,0.02006,0.06746,-0.03263,49.51647,0.06693,-20.18022,48.69934,-1.1466,37.63894,42.78515,-39.88171,-0.12624,-0.54917,1.28861,28.80023,40.37265,-0.2207,-0.05756,0.02655,0.00485,0.00489,0.0574,-0.08633,0.02167,0.09432,-0.03422,49.09094,0.06585,-19.96316,49.48297,-2.11072,36.59445,42.78638,-38.70221,-6.532,3.51216,2.16482,7.50518,51.07431,5.56055,-0.03664,0.03333,0.00172,0.00659,0.02603,-0.10639,0.01533,0.06383,0.01863,49.22315,0.03263,-19.84908,49.77041,-2.2612,36.27947,42.63395,-38.91588,-7.78633,4.15315,2.24284,4.44677,50.87644,6.63589,-0.03209,0.0338,0.00014,0.00798,0.02315,-0.10901,0.01583,0.05904,0.02487
84.375,50.23627,0.69447,-19.38705,46.75008,-0.97865,38.54265,40.40451,-37.67902,-0.12348,-0.51725,1.06934,31.69718,41.85436,-0.16908,-0.05676,0.02813,-8e-05,0.01455,0.06043,-0.09,0.02329,0.08925,-0.03353,50.35615,0.28803,-20.0058,46.98835,-0.96655,38.44253,40.5648,-38.50214,-0.13918,-0.3705,1.54574,35.10151,48.37643,-0.32641,-0.05633,0.02998,0.00406,0.00895,0.06112,-0.08633,0.0283,0.12048,-0.0348,49.90074,0.11247,-19.84567,48.05537,-1.80706,37.48731,40.59761,-37.39359,-5.95955,3.45861,2.54035,3.70228,67.15776,7.83656,-0.03184,0.03937,0.00079,0.00579,0.0236,-0.11398,0.0264,0.07235,0.02664,50.01878,0.0962,-19.75616,48.39833,-1.94452,37.19399,40.45384,-37.7165,-7.1104,4.06488,2.62807,-1.32315,67.66919,9.23005,-0.02695,0.04048,6e-05,0.00581,0.0201,-0.11772,0.02587,0.07276,0.03374
86.45833,51.04458,0.91952,-18.77291,44.77595,-0.77716,39.32282,38.30254,-35.76968,-0.13518,-0.33474,1.31851,35.23623,46.72213,-0.22194,-0.0574,0.02928,-0.00429,0.02124,0.06056,-0.0929,0.02463,0.09878,-0.03376,51.18441,0.50331,-19.3922,44.96187,-0.76919,39.24582,38.31413,-36.17696,-0.15716,-0.15795,1.82985,40.85997,54.81037,-0.47937,-0.05696,0.03174,-0.00086,0.01812,0.06059,-0.08863,0.03087,0.11765,-0.03409,50.64167,0.1135,-19.29657,46.30041,-1.4097,38.38978,38.45665,-35.35929,-5.24596,3.36305,2.95364,-1.61009,77.46403,9.7629,-0.03006,0.0454,-0.00144,0.00886,0.02105,-0.11846,0.03252,0.06412,0.03127,50.73907,0.09984,-19.23755,46.69975,-1.5311,38.11718,38.32935,-35.78986,-6.26912,3.92413,3.05714,-8.52304,78.56505,11.36617,-0.02554,0.04779,-0.00016,0.007,0.01684,-0.12259,0.03099,0.07089,0.03834
88.54167,51.82046,1.13868,-17.76667,42.61668,-0.56966,40.11482,36.35386,-33.23221,-0.13816,-0.14032,1.5761,37.28546,49.70485,-0.31716,-0.05868,0.0268,-0.00818,0.02656,0.05729,-0.0957,0.02125,0.09455,-0.03434,51.99649,0.73158,-18.3352,42.69004,-0.54012,40.06978,36.21987,-33.13187,-0.17132,0.07175,2.11913,43.61287,56.67671,-0.67058,-0.05984,0.02954,-0.00912,0.02967,0.05648,-0.09298,0.02599,0.09005,-0.03351,51.31876,0.12985,-18.33102,44.25377,-0.88693,39.31579,36.62396,-32.7938,-4.39471,3.20246,3.34002,-11.75381,76.46656,11.60166,-0.03138,0.0501,-0.00664,0.01644,0.01772,-0.1206,0.0277,0.04506,0.03243,51.39113,0.10425,-18.30078,44.70451,-0.98652,39.05965,36.52207,-33.3121,-5.27063,3.70845,3.46,-20.44952,77.75322,13.51303,-0.02736,0.05363,-0.00338,0.01303,0.01295,-0.12428,0.02548,0.05665,0.039
90.625,52.53616,1.35658,-16.43963,40.39919,-0.34661,40.92778,34.72797,-30.34177,-0.1254,0.053,1.82371,36.98136,49.42421,-0.44802,-0.05922,0.02081,-0.0094,0.02623,0.05198,-0.09611,0.01046,0.0818,-0.03669,52.76505,0.97723,-16.8973,40.30464,-0.28172,40.92949,34.50514,-29.76134,-0.16985,0.29259,2.38382,41.51774,52.12622,-0.82859,-0.06337,0.02305,-0.01666,0.03767,0.05074,-0.09674,0.01131,0.05429,-0.03495,51.93372,0.21435,-16.99345,42.00272,-0.27245,40.27988,35.33198,-29.97452,-3.418,2.94498,3.63208,-29.32141,62.35999,13.60637,-0.03409,0.05214,-0.01404,0.02624,0.01306,-0.12127,0.0089,0.02768,0.03035,51.98187,0.16989,-16.97936,42.49018,-0.34514,40.03425,35.26445,-30.54154,-4.133,3.38605,3.76323,-39.8336,63.29393,16.12828,-0.03016,0.0557,-0.01038,0.02261,0.00819,-0.12415,0.00645,0.04036,0.03654
92.70833,53.15569,1.57659,-14.91212,38.27617,-0.102,41.76243,33.57123,-27.4185,-0.09046,0.23023,2.04206,33.99294,45.21528,-0.57306,-0.05691,0.01349,-0.00541,0.01657,0.04634,-0.09159,-0.00899,0.06949,-0.04177,53.44167,1.23504,-15.21662,37.98652,-0.0035,41.82225,33.35996,-26.51162,-0.14219,0.47746,2.59439,34.31168,41.41015,-0.85953,-0.06432,0.01417,-0.01806,0.0352,0.04501,-0.09578,-0.01332,0.03037,-0.03975,52.474,0.39164,-15.381,39.68786,0.34972,41.2811,34.70765,-27.18072,-2.33554,2.56024,3.78372,-54.53204,38.10904,15.76974,-0.03548,0.05057,-0.02005,0.0333,0.00667,-0.12021,-0.02232,0.02419,0.02564,52.50562,0.33251,-15.36135,40.18688,0.30429,41.04126,34.6821,-27.74571,-2.88089,2.92597,3.91674,-67.07151,38.23427,19.27162,-0.03105,0.05258,-0.0186,0.03152,0.00233,-0.12275,-0.02456,0.03366,0.03196
94.79167,53.64612,1.80148,-13.32982,36.39638,0.15914,42.60871,32.95719,-24.74255,-0.0289,0.37782,2.21583,28.64602,37.45955,-0.64193,-0.04999,0.00791,0.00511,-0.00365,0.041,-0.08066,-0.0359,0.06573,-0.04947,53.97417,1.49689,-13.47832,35.92773,0.28096,42.72598,32.86866,-23.739,-0.08234,0.60699,2.73057,23.53929,26.89183,-0.71188,-0.05951,0.00617,-0.00935,0.01772,0.03938,-0.08655,-0.04523,0.03134,-0.04783,52.91633,0.64858,-13.64529,37.4827,0.8794,42.29293,34.72869,-24.6109,-1.1716,2.03233,3.78609,-84.52272,10.33087,17.68547,-0.03321,0.04523,-0.01956,0.03203,-0.00146,-0.11547,-0.0601,0.03976,0.01912,52.94484,0.58757,-13.59664,37.96142,0.85485,42.05763,34.75064,-25.12422,-1.54136,2.31147,3.91135,-99.34612,9.46517,22.38658,-0.02806,0.04454,-0.02278,0.03416,-0.00471,-0.11886,-0.06174,0.04293,0.02613
96.875,53.99168,2.02695,-11.82588,34.87114,0.4056,43.44784,32.85742,-22.48347,0.06158,0.48609,2.33714,21.7525,27.47416,-0.63027,-0.03818,0.00606,0.02117,-0.03212,0.03484,-0.06374,-0.0665,0.07392,-0.05837,54.33138,1.75103,-11.85985,34.28095,0.54268,43.60808,32.97104,-21.60566,0.01057,0.67481,2.78753,11.89461,12.07433,-0.42658,-0.04763,0.00189,0.00959,-0.01419,0.03234,-0.0682,-0.07935,0.05723,-0.05752,53.24249,0.93704,-11.96496,35.55544,1.23126,43.26689,35.23398,-22.33692,0.04841,1.36927,3.66859,-114.04944,-13.4468,18.63219,-0.02652,0.03688,-0.00838,0.01885,-0.01053,-0.10437,-0.09632,0.06952,0.01159,53.28292,0.88906,-11.87218,35.98294,1.2164,43.03863,35.30699,-22.76303,-0.1406,1.55053,3.77968,-131.22788,-15.12024,24.41212,-0.02116,0.03357,-0.01722,0.02604,-0.01245,-0.10985,-0.09713,0.0657,0.01953
98.95833,54.20306,2.22784,-10.48596,33.74971,0.56395,44.25641,33.1488,-20.67118,0.18223,0.55011,2.4064,14.23258,16.99718,-0.56183,-0.02319,0.0075,0.03946,-0.06328,0.02552,-0.04335,-0.09548,0.09156,-0.06627,54.52158,1.9695,-10.47578,33.11716,0.71577,44.43824,33.47953,-20.05657,0.1346,0.68686,2.77631,1.99382,0.11036,-0.13748,-0.0302,0.00211,0.03449,-0.05413,0.02191,-0.0435,-0.10963,0.09613,-0.06622,53.45667,1.18458,-10.49787,34.02713,1.34458,44.14921,35.98414,-20.31446,1.29996,0.60434,3.48515,-137.35706,-27.81449,17.87156,-0.01664,0.02696,0.01437,-0.00571,-0.01874,-0.0852,-0.12379,0.101,0.00361,53.52005,1.16058,-10.36219,34.38205,1.32887,43.93228,36.11054,-20.63939,1.29661,0.6781,3.58104,-156.58704,-29.7845,24.21369,-0.0121,0.02245,0.00128,0.00619,-0.01953,-0.09335,-0.1237,0.09196,0.01227
