stride_pct,RL | leg1_a angle (deg),RL | leg1_e angle (deg),RL | leg2_a angle (deg),RL | leg2_e angle (deg),RL | leg3_a angle (deg),RL | leg3_e angle (deg),RL | leg4_a angle (deg),RL | leg4_e angle (deg),RL | spine angle (deg),RL | IMU pitch (deg),RL | IMU roll (deg),RL | pitch rate (deg/s),RL | roll rate (deg/s),RL | yaw rate (deg/s),RL | leg1_a torque (N m),RL | leg1_e torque (N m),RL | leg2_a torque (N m),RL | leg2_e torque (N m),RL | leg3_a torque (N m),RL | leg3_e torque (N m),RL | leg4_a torque (N m),RL | leg4_e torque (N m),RL | spine torque (N m),Before correction | leg1_a angle (deg),Before correction | leg1_e angle (deg),Before correction | leg2_a angle (deg),Before correction | leg2_e angle (deg),Before correction | leg3_a angle (deg),Before correction | leg3_e angle (deg),Before correction | leg4_a angle (deg),Before correction | leg4_e angle (deg),Before correction | spine angle (deg),Before correction | IMU pitch (deg),Before correction | IMU roll (deg),Before correction | pitch rate (deg/s),Before correction | roll rate (deg/s),Before correction | yaw rate (deg/s),Before correction | leg1_a torque (N m),Before correction | leg1_e torque (N m),Before correction | leg2_a torque (N m),Before correction | leg2_e torque (N m),Before correction | leg3_a torque (N m),Before correction | leg3_e torque (N m),Before correction | leg4_a torque (N m),Before correction | leg4_e torque (N m),Before correction | spine torque (N m),After correction | leg1_a angle (deg),After correction | leg1_e angle (deg),After correction | leg2_a angle (deg),After correction | leg2_e angle (deg),After correction | leg3_a angle (deg),After correction | leg3_e angle (deg),After correction | leg4_a angle (deg),After correction | leg4_e angle (deg),After correction | spine angle (deg),After correction | IMU pitch (deg),After correction | IMU roll (deg),After correction | pitch rate (deg/s),After correction | roll rate (deg/s),After correction | yaw rate (deg/s),After correction | leg1_a torque (N m),After correction | leg1_e torque (N m),After correction | leg2_a torque (N m),After correction | leg2_e torque (N m),After correction | leg3_a torque (N m),After correction | leg3_e torque (N m),After correction | leg4_a torque (N m),After correction | leg4_e torque (N m),After correction | spine torque (N m)
1.04167,50.84018,-1.58134,-33.08602,4.72045,-34.62211,28.40476,16.36223,-21.70781,1.41254,-2.42151,1.16582,-1.93095,-4.22878,-5.46978,0.0079,-0.00395,0.19979,-0.06546,-0.00737,0.0097,-0.16904,0.26483,-0.04548,51.22306,-2.7196,-32.72422,5.05237,-35.06337,29.95021,17.15162,-20.8049,1.3328,-2.54432,1.27151,-13.03931,-19.80098,-12.71583,0.01235,-0.00052,0.20883,-0.05829,-0.00949,0.01901,-0.18516,0.25283,-0.04337,51.37307,-2.28454,-33.1053,4.89206,-35.47282,29.76239,16.52823,-21.13954,1.53476,-2.49275,1.0951,-10.66916,-22.33176,-11.71773,0.01183,-0.00037,0.20992,-0.05778,-0.00978,0.02012,-0.19412,0.26938,-0.04456
3.125,51.10685,-3.57556,-33.05925,4.06504,-33.60732,30.85261,17.31671,-20.42962,1.22161,-2.4621,1.16021,-6.10086,-5.0504,-6.46993,0.00832,-0.00547,0.19526,-0.05502,-0.01092,0.00733,-0.14381,0.24217,-0.04606,51.53698,-5.24357,-32.63733,4.27329,-34.05432,32.42501,17.88827,-19.25845,1.1077,-2.61788,1.21278,-12.18745,-16.4631,-14.01356,0.01094,0.00499,0.19704,-0.04705,-0.01038,0.01779,-0.14056,0.21091,-0.04173,51.72686,-4.81891,-33.01291,4.17603,-34.45414,32.24935,17.25701,-19.65743,1.30997,-2.55896,1.0247,-10.8504,-19.00607,-13.19801,0.01073,0.00455,0.20139,-0.04876,-0.01072,0.01805,-0.14992,0.22728,-0.04307
5.20833,51.09004,-5.87429,-33.10679,3.41901,-32.29037,33.22864,18.3715,-19.07117,1.01308,-2.51956,1.14886,-8.62385,-4.67345,-6.88221,0.0085,-0.00715,0.18719,-0.04624,-0.01342,0.00282,-0.11939,0.21567,-0.04518,51.57583,-8.01316,-32.62918,3.51961,-32.73214,34.88412,18.75314,-17.745,0.86644,-2.68546,1.16845,-10.90429,-12.33095,-13.78122,0.00775,0.00642,0.18501,-0.04029,-0.0099,0.00677,-0.10581,0.17885,-0.03977,51.80369,-7.5904,-33.00078,3.46847,-33.10661,34.72542,18.1195,-18.15897,1.06855,-2.62352,0.971,-10.26729,-14.41416,-12.91391,0.00794,0.00535,0.19066,-0.04237,-0.01008,0.00642,-0.11273,0.19174,-0.04102
7.29167,50.68919,-8.35277,-33.22884,2.78919,-30.76754,35.5086,19.45897,-17.66746,0.79431,-2.58585,1.13082,-10.11226,-4.40249,-6.76695,0.00913,-0.00887,0.17675,-0.03876,-0.01465,-0.00282,-0.10094,0.19048,-0.04296,51.21441,-10.86765,-32.70512,2.82451,-31.18863,37.27914,19.71157,-16.29996,0.62014,-2.74885,1.12877,-10.31544,-9.28062,-12.5922,0.00495,0.00287,0.17297,-0.03545,-0.00886,-0.00937,-0.08585,0.15888,-0.03752,51.46734,-10.43607,-33.06767,2.79766,-31.52084,37.13232,19.08776,-16.69237,0.82296,-2.68739,0.92305,-10.23655,-11.06342,-11.49417,0.00544,0.00141,0.17812,-0.03638,-0.00901,-0.00969,-0.08926,0.1673,-0.0386
9.375,49.85534,-10.87479,-33.42066,2.19113,-29.14076,37.65348,20.52143,-16.26028,0.5717,-2.65461,1.10135,-10.85901,-5.08283,-6.2885,0.01061,-0.01008,0.1651,-0.03234,-0.01492,-0.00806,-0.09026,0.1692,-0.03952,50.37948,-13.68329,-32.85209,2.21265,-29.5193,39.51435,20.69849,-14.91574,0.37664,-2.80964,1.08193,-10.17624,-8.38292,-11.09103,0.00451,-0.00375,0.16027,-0.03077,-0.00882,-0.02282,-0.07866,0.14703,-0.03473,50.63677,-13.23842,-33.20074,2.19577,-29.79393,39.36927,20.10082,-15.27003,0.58188,-2.7516,0.86655,-10.61092,-10.29987,-9.70026,0.00509,-0.00508,0.16405,-0.03006,-0.00927,-0.02253,-0.07914,0.15197,-0.03572
11.45833,48.61811,-13.2999,-33.67494,1.64243,-27.50608,39.61313,21.51495,-14.89271,0.34984,-2.71985,1.05501,-10.75722,-6.97796,-5.66253,0.01282,-0.01008,0.15332,-0.02707,-0.01483,-0.01148,-0.08631,0.15204,-0.03504,49.08881,-16.35908,-33.05288,1.68665,-27.81791,41.48755,21.63815,-13.57888,0.14078,-2.86451,1.0189,-9.3307,-9.74572,-9.74721,0.00717,-0.00958,0.14663,-0.02597,-0.01098,-0.02704,-0.0783,0.13711,-0.03121,49.32773,-15.90452,-33.38949,1.67881,-28.02587,41.33708,21.08167,-13.89598,0.35009,-2.81218,0.79083,-10.22058,-12.09348,-8.12335,0.00762,-0.01021,0.14918,-0.02427,-0.01194,-0.02608,-0.07728,0.14044,-0.03218
13.54167,47.08369,-15.48303,-33.98305,1.15343,-25.94462,41.33206,22.41275,-13.6022,0.13176,-2.77565,0.98824,-9.52832,-9.89548,-5.07171,0.01514,-0.00845,0.14227,-0.02317,-0.01482,-0.01235,-0.08661,0.13793,-0.02985,47.45658,-18.78238,-33.29813,1.22357,-26.17348,43.1298,22.4725,-12.30101,-0.08431,-2.90561,0.93558,-6.74138,-12.73937,-8.7225,0.01194,-0.0109,0.13279,-0.02191,-0.01503,-0.02065,-0.07905,0.12511,-0.02701,47.65844,-18.32238,-33.63345,1.23386,-26.3157,42.97573,21.96586,-12.59016,0.12976,-2.8604,0.69226,-7.95996,-15.45109,-6.99661,0.01213,-0.01052,0.13485,-0.02036,-0.01635,-0.01956,-0.07783,0.12821,-0.02797
15.625,45.40375,-17.27511,-34.33502,0.72181,-24.51576,42.75188,23.20708,-12.41261,-0.08001,-2.81704,0.90065,-7.07164,-13.42868,-4.58321,0.01679,-0.00548,0.13259,-0.02078,-0.0148,-0.01095,-0.08889,0.12591,-0.02441,45.65993,-20.80148,-33.58918,0.78685,-24.66419,44.41817,23.18218,-11.12139,-0.29572,-2.92516,0.83237,-2.39488,-16.43087,-7.87613,0.01655,-0.00623,0.12044,-0.01945,-0.01885,-0.00828,-0.07839,0.11134,-0.02251,45.81405,-20.32838,-33.93939,0.82521,-24.75185,44.27095,22.72577,-11.39004,-0.07748,-2.88758,0.57337,-3.76823,-19.14131,-6.17376,0.01649,-0.00506,0.12268,-0.01893,-0.02008,-0.00787,-0.07746,0.11446,-0.02336
17.70833,43.72812,-18.53332,-34.72013,0.33497,-23.25192,43.80968,23.90906,-11.32888,-0.28219,-2.84146,0.79452,-3.68514,-17.17453,-4.11196,0.01723,-0.00223,0.12465,-0.01972,-0.01422,-0.00826,-0.09191,0.11585,-0.01923,43.87973,-22.22964,-33.9325,0.34909,-23.345,45.35381,23.79026,-10.08105,-0.48979,-2.92097,0.7122,2.51785,-20.00926,-6.88121,0.01876,0.00248,0.11136,-0.01871,-0.01956,0.0022,-0.07737,0.09958,-0.01828,43.98414,-21.71418,-34.31205,0.4178,-23.39516,45.22584,23.37815,-10.32893,-0.2688,-2.89091,0.43951,1.15183,-22.32906,-5.25981,0.01865,0.00369,0.11391,-0.01928,-0.02021,0.00147,-0.07642,0.10199,-0.0189
19.79167,42.16141,-19.1447,-35.13007,-0.02115,-22.15487,44.43677,24.5467,-10.33884,-0.4702,-2.84941,0.67337,0.0001,-20.85118,-3.46028,0.01644,-0.00016,0.11857,-0.01955,-0.01248,-0.00536,-0.09536,0.10827,-0.01482,42.24108,-22.88729,-34.33227,-0.08793,-22.23117,45.92093,24.34922,-9.189,-0.66195,-2.89877,0.57873,6.28415,-23.04218,-5.39895,0.01769,0.0106,0.10638,-0.01896,-0.01541,0.00462,-0.07864,0.09397,-0.01491,42.30038,-22.27981,-34.74719,0.00355,-22.25965,45.81734,23.97345,-9.40852,-0.43966,-2.87589,0.29541,5.03247,-24.84054,-3.83185,0.01785,0.01092,0.10886,-0.01994,-0.01533,0.00303,-0.07702,0.09475,-0.01523
21.875,40.74167,-19.05714,-35.56501,-0.35289,-21.19514,44.5648,25.16177,-9.42481,-0.63868,-2.84356,0.54015,3.33973,-24.31499,-2.42923,0.01483,-0.00038,0.11406,-0.01975,-0.00951,-0.00277,-0.09903,0.1036,-0.01153,40.78005,-22.66664,-34.78856,-0.49003,-21.28643,46.05662,24.92044,-8.40834,-0.80752,-2.86923,0.4353,7.80091,-25.51066,-3.25275,0.01446,0.01306,0.10484,-0.01932,-0.00733,-0.00144,-0.08373,0.09575,-0.01281,40.80214,-21.91185,-35.23424,-0.38832,-21.30157,45.96942,24.57521,-8.58982,-0.58473,-2.85302,0.14352,6.71896,-27.01694,-1.66684,0.01516,0.01184,0.10672,-0.01977,-0.00692,-0.0029,-0.08105,0.09458,-0.0129
23.95833,39.44832,-18.30477,-36.03997,-0.65593,-20.31707,44.14273,25.80609,-8.58221,-0.78303,-2.82637,0.39606,6.04797,-27.52159,-0.95584,0.01281,-0.00289,0.11045,-0.01998,-0.00595,-0.00028,-0.10209,0.10131,-0.00949,39.45093,-21.58837,-35.30379,-0.80957,-20.42553,45.65746,25.55834,-7.6783,-0.92323,-2.84086,0.28486,7.43413,-27.66589,-0.55238,0.01156,0.00711,0.1048,-0.01952,0.00086,-0.01002,-0.09133,0.10181,-0.01214,39.44464,-20.64862,-35.76871,-0.70691,-20.42655,45.56733,25.24197,-7.81633,-0.7,-2.8305,-0.01546,6.56177,-29.32636,1.10261,0.01281,0.00445,0.10583,-0.01887,0.00091,-0.0102,-0.08774,0.09934,-0.01217
26.04167,38.23324,-17.01371,-36.5871,-0.92081,-19.451,43.16164,26.53665,-7.83793,-0.90124,-2.79767,0.24056,8.37238,-30.47198,0.79377,0.01027,-0.00627,0.10668,-0.02013,-0.0028,0.00258,-0.10294,0.09966,-0.00866,38.16946,-19.82037,-35.89293,-1.01782,-19.53681,44.62792,26.30558,-6.96488,-1.00899,-2.81322,0.13003,7.01657,-29.8002,2.27149,0.0112,-0.00574,0.10386,-0.02014,0.00432,-0.01229,-0.09756,0.10607,-0.01276,38.14421,-18.69666,-36.36637,-0.91476,-19.51818,44.51359,26.01994,-7.06197,-0.78522,-2.80723,-0.18107,6.40283,-31.98431,3.96127,0.01263,-0.0089,0.1043,-0.01858,0.00343,-0.01067,-0.09365,0.10358,-0.01288
28.125,37.05868,-15.38092,-37.24997,-1.14326,-18.53179,41.67675,27.40877,-7.25917,-0.99495,-2.75367,0.07236,10.93083,-33.15537,2.43482,0.00625,-0.00793,0.10152,-0.02026,-0.0006,0.00559,-0.09978,0.09625,-0.00877,36.87052,-17.64518,-36.58866,-1.13118,-18.52085,42.94939,27.19714,-6.31201,-1.06922,-2.77466,-0.02699,8.89228,-32.02486,4.54669,0.01352,-0.01979,0.10017,-0.02214,0.00013,-0.0024,-0.09811,0.10266,-0.0142,36.83755,-16.38494,-37.0681,-1.02095,-18.48047,42.80015,26.94593,-6.37801,-0.84553,-2.77093,-0.35173,8.57158,-34.76848,6.13453,0.01437,-0.02202,0.10058,-0.0204,-0.00158,0.00032,-0.09447,0.10132,-0.0145
30.20833,35.92406,-13.63019,-38.06988,-1.33114,-17.51958,39.81431,28.46659,-6.9465,-1.06927,-2.68849,-0.10871,14.27136,-35.48164,3.49368,-0.00093,-0.00508,0.09388,-0.02036,0.00141,0.00708,-0.0916,0.08905,-0.00936,35.55234,-15.38646,-37.43443,-1.21224,-17.33168,40.73269,28.26496,-5.86018,-1.11304,-2.707,-0.18451,14.49495,-34.12254,5.55229,0.01572,-0.02729,0.09302,-0.02581,-0.01014,0.01757,-0.09063,0.08915,-0.01571,35.52603,-14.07249,-37.92814,-1.08838,-17.27844,40.55693,28.0525,-5.90826,-0.89139,-2.70341,-0.52438,14.41821,-37.06964,6.83865,0.01506,-0.02732,0.09387,-0.02472,-0.01166,0.01955,-0.08746,0.08934,-0.01613
32.29167,34.87022,-11.95995,-39.06872,-1.50086,-16.41622,37.75506,29.73187,-7.01139,-1.13087,-2.59784,-0.30008,18.39291,-37.20863,3.61285,-0.013,0.00412,0.08323,-0.02021,0.00558,0.0037,-0.07883,0.07731,-0.00985,34.28679,-13.32345,-38.46548,-1.33884,-16.00306,38.22065,29.53444,-5.81446,-1.15263,-2.59517,-0.34104,23.26324,-35.51646,4.78439,0.01274,-0.02168,0.08284,-0.03006,-0.01984,0.03674,-0.07608,0.06784,-0.01628,34.28424,-12.04766,-38.98854,-1.20413,-15.95898,38.04521,29.36626,-5.85655,-0.93613,-2.59075,-0.6948,23.232,-38.09586,5.58795,0.00984,-0.01918,0.08414,-0.03002,-0.01957,0.03575,-0.07312,0.06893,-0.01671
34.375,33.96184,-10.50153,-40.23565,-1.66197,-15.27109,35.69616,31.19373,-7.54548,-1.18521,-2.48314,-0.49536,22.51099,-37.90341,2.74279,-0.03099,0.01966,0.06986,-0.01938,0.01519,-0.00862,-0.06337,0.06195,-0.00949,33.19209,-11.62677,-39.68646,-1.55263,-14.64683,35.73066,31.01086,-6.37112,-1.19983,-2.43715,-0.49409,32.5543,-35.37816,2.21167,-0.00064,-0.00069,0.0707,-0.03262,-0.0195,0.03956,-0.0581,0.04448,-0.01486,33.23011,-10.45981,-40.25188,-1.42307,-14.64151,35.59033,30.89541,-6.41508,-0.9917,-2.43322,-0.85786,32.22133,-37.10747,2.45388,-0.00589,0.00349,0.07192,-0.03337,-0.01594,0.03414,-0.05495,0.04529,-0.0152
36.45833,33.25841,-9.30219,-41.52494,-1.79646,-14.17298,33.80368,32.80297,-8.59313,-1.2338,-2.35398,-0.68475,25.23569,-36.99677,1.22652,-0.05453,0.0394,0.05487,-0.01744,0.03301,-0.03308,-0.04782,0.04509,-0.00757,32.38223,-10.33766,-41.05814,-1.8131,-13.42134,33.55753,32.66186,-7.63598,-1.26173,-2.24872,-0.6386,38.68603,-32.86988,-1.58661,-0.02714,0.03248,0.05766,-0.0311,-0.00104,0.01323,-0.04105,0.02511,-0.01053,32.47258,-9.30789,-41.66759,-1.71356,-13.4807,33.47921,32.61167,-7.68563,-1.06385,-2.24932,-1.0072,37.65555,-33.60339,-1.83445,-0.03409,0.03643,0.0581,-0.03196,0.0064,0.00358,-0.03758,0.02467,-0.01085
38.54167,32.78875,-8.33648,-42.86678,-1.84434,-13.22964,32.17337,34.47404,-10.13766,-1.27255,-2.22727,-0.85665,25.11034,-33.96575,-0.27599,-0.08175,0.05972,0.03989,-0.01417,0.05965,-0.07025,-0.03436,0.02907,-0.00353,31.91798,-9.39228,-42.50243,-1.98385,-12.48178,31.87813,34.40716,-9.57458,-1.33658,-2.06017,-0.76598,38.61399,-27.47421,-5.48964,-0.06526,0.07014,0.04448,-0.02447,0.03792,-0.04538,-0.02777,0.01309,-0.00294,32.0628,-8.48302,-43.14178,-1.9372,-12.61604,31.86748,34.43755,-9.63161,-1.14833,-2.07129,-1.13476,36.61286,-27.45016,-6.01983,-0.07257,0.07165,0.04366,-0.02481,0.04846,-0.05719,-0.02441,0.01119,-0.00347
40.625,32.54057,-7.53747,-44.18729,-1.70579,-12.54131,30.81442,36.09524,-12.10585,-1.29201,-2.12327,-1.00043,21.26003,-28.6076,-1.00664,-0.10972,0.07668,0.02659,-0.00979,0.09258,-0.11705,-0.02397,0.01554,0.00283,31.782,-8.67317,-43.92567,-1.86388,-11.93216,30.70034,36.1241,-12.01994,-1.41199,-1.90622,-0.865,31.38445,-19.30893,-8.13205,-0.10926,0.10299,0.03159,-0.01395,0.09185,-0.1269,-0.01853,0.0077,0.0075,31.97181,-7.83837,-44.5679,-1.87963,-12.12914,30.73759,36.24906,-12.0857,-1.22996,-1.93393,-1.23112,28.42044,-18.97788,-8.66932,-0.11533,0.10047,0.02969,-0.01363,0.1035,-0.13761,-0.01615,0.00503,0.00644
42.70833,32.4679,-6.8327,-45.42837,-1.26268,-12.17682,29.66162,37.54485,-14.38821,-1.27952,-2.05997,-1.10924,13.83023,-21.28808,-0.38777,-0.1354,0.08729,0.01615,-0.00484,0.12639,-0.1671,-0.01632,0.00502,0.01117,31.88799,-8.06246,-45.24914,-1.25412,-11.79831,29.87787,37.66977,-14.73461,-1.46654,-1.81385,-0.92499,18.61015,-9.28833,-8.35275,-0.15109,0.12355,0.01952,-0.0027,0.1486,-0.21241,-0.01164,0.00521,0.01953,32.1035,-7.25226,-45.86386,-1.32325,-12.02569,29.92501,37.89633,-14.81047,-1.28537,-1.86208,-1.28763,15.022,-9.03873,-8.64785,-0.15461,0.1167,0.01731,-0.00215,0.1589,-0.21893,-0.01104,0.00288,0.01771
44.79167,32.51078,-6.16992,-46.55801,-0.41263,-12.15975,28.60913,38.70856,-16.86626,-1.22257,-2.0482,-1.18198,3.99717,-13.01236,1.75334,-0.15647,0.09042,0.00893,4e-05,0.15436,-0.21241,-0.01031,-0.00284,0.02064,32.11717,-7.47574,-46.43116,-0.03019,-12.03141,29.18139,38.91112,-17.49722,-1.47502,-1.79381,-0.9403,3.73255,0.98932,-5.6351,-0.18334,0.12862,0.00908,0.00564,0.19374,-0.28096,-0.00515,0.00159,0.03131,32.33445,-6.65938,-46.99644,-0.12959,-12.24731,29.19735,39.23488,-17.58325,-1.28889,-1.86291,-1.2999,0.08381,1.03316,-5.54313,-0.18378,0.11857,0.00748,0.00577,0.20076,-0.28161,-0.00652,0.00042,0.02873
46.875,32.61651,-5.52527,-47.56588,0.89816,-12.46824,27.55068,39.49385,-19.43695,-1.11231,-2.08944,-1.22357,-6.45311,-5.21783,5.10715,-0.1719,0.0869,0.00448,0.00441,0.17074,-0.24575,-0.0049,-0.00864,0.02995,32.36341,-6.86993,-47.46825,1.81217,-12.5374,28.39125,39.75012,-20.17234,-1.41579,-1.83955,-0.91386,-9.52427,9.65832,-0.35409,-0.20191,0.11987,0.00124,0.0089,0.2162,-0.31786,0.00157,-0.00495,0.04095,32.56043,-6.04575,-47.97943,1.70812,-12.7047,28.34782,40.15437,-20.26574,-1.22004,-1.92622,-1.27118,-12.6726,9.64242,0.13291,-0.19969,0.1087,0.00082,0.00824,0.21928,-0.31308,-0.00114,-0.00491,0.03788
48.95833,32.75326,-4.89604,-48.44672,2.65699,-13.04646,26.41035,39.83848,-22.02687,-0.94627,-2.17705,-1.24315,-15.76759,0.68438,8.98168,-0.18188,0.07891,0.00181,0.0081,0.17288,-0.26285,0.00025,-0.0126,0.03777,32.56664,-6.23234,-48.37441,4.15982,-13.21679,27.37009,40.13392,-22.73331,-1.27789,-1.93311,-0.85769,-18.69545,15.19825,6.29431,-0.20716,0.10246,-0.0033,0.00752,0.21253,-0.32002,0.00738,-0.01298,0.04707,32.72854,-5.42214,-48.84584,4.06716,-13.3148,27.26124,40.59301,-22.82819,-1.06995,-2.03202,-1.21336,-21.02542,15.35549,7.06797,-0.20344,0.09239,-0.0027,0.0063,0.2124,-0.31207,0.00461,-0.01244,0.04401
51.04167,32.91213,-4.28674,-49.18054,4.78798,-13.82209,25.15441,39.7136,-24.59446,-0.72938,-2.29974,-1.25084,-22.78606,3.848,12.53421,-0.1873,0.06903,-0.00012,0.01117,0.16206,-0.26347,0.0048,-0.01446,0.04304,32.72187,-5.56505,-49.14954,6.8298,-13.99605,26.08785,40.04921,-25.2334,-1.06504,-2.0545,-0.78914,-23.34561,17.01328,12.67978,-0.2031,0.08264,-0.00463,0.00434,0.18784,-0.29575,0.01045,-0.019,0.04928,32.843,-4.79793,-49.60872,6.74933,-14.02472,25.92875,40.53464,-25.3226,-0.84452,-2.16063,-1.14401,-24.91042,17.42062,13.57289,-0.19926,0.07515,-0.00378,0.00332,0.18613,-0.2876,0.00887,-0.01887,0.04672
53.125,33.09998,-3.69853,-49.72102,7.17273,-14.72299,23.78503,39.12392,-27.12262,-0.47329,-2.44566,-1.25411,-27.17911,4.36101,15.03796,-0.18912,0.05932,-0.00201,0.01362,0.14296,-0.25097,0.00822,-0.01378,0.04526,32.86436,-4.87565,-49.7554,9.63568,-14.8382,24.59783,39.50885,-27.74648,-0.79501,-2.1892,-0.72417,-24.75944,15.71433,17.29885,-0.1951,0.06534,-0.00384,0.00287,0.15318,-0.25964,0.00994,-0.01978,0.04814,32.94691,-4.17124,-50.23221,9.55666,-14.81367,24.41521,39.9952,-27.82475,-0.56303,-2.2999,-1.08002,-25.92723,16.1617,18.14998,-0.19219,0.06075,-0.00363,0.00281,0.15153,-0.2537,0.01011,-0.02054,0.0464
55.20833,33.32917,-3.12701,-49.99945,9.67634,-15.68794,22.32462,38.10759,-29.60643,-0.19402,-2.60509,-1.25534,-29.30889,3.2418,16.08038,-0.18793,0.05088,-0.00406,0.01519,0.12174,-0.23072,0.0104,-0.01053,0.04458,33.04215,-4.17678,-50.11402,12.43807,-15.73205,22.98633,38.54279,-30.31072,-0.49434,-2.33057,-0.67051,-24.84583,12.93474,19.28399,-0.18743,0.05284,-0.00264,0.00512,0.12062,-0.22538,0.00712,-0.01455,0.04491,33.09255,-3.53671,-50.62972,12.34814,-15.67675,22.80562,39.01069,-30.37728,-0.25267,-2.44627,-1.03034,-26.08623,13.00466,19.9817,-0.18575,0.05043,-0.00349,0.00625,0.11987,-0.22258,0.00862,-0.01588,0.04402
57.29167,33.61007,-2.56738,-49.94439,12.16608,-16.67025,20.80178,36.73633,-32.03981,0.09109,-2.77104,-1.25142,-29.84984,2.02161,15.62937,-0.18391,0.04383,-0.00608,0.01538,0.10385,-0.20806,0.01186,-0.00544,0.04164,33.29114,-3.48883,-50.13201,15.15438,-16.67043,21.32694,37.20065,-32.9016,-0.19059,-2.47694,-0.62419,-24.94851,10.70655,18.64912,-0.18167,0.04484,-0.00255,0.01024,0.09845,-0.20027,0.00495,-0.00545,0.04089,33.31645,-2.89961,-50.69214,15.04846,-16.60297,21.16269,37.63598,-32.9606,0.05892,-2.60023,-0.99155,-26.57846,10.02415,19.14291,-0.18082,0.0434,-0.00411,0.01195,0.09839,-0.19994,0.00667,-0.00644,0.04064
59.375,33.94886,-2.02104,-49.50861,14.51592,-17.6363,19.24581,35.11367,-34.40297,0.36652,-2.93834,-1.23589,-29.40357,2.07957,13.96602,-0.17712,0.03781,-0.00779,0.01374,0.09232,-0.18673,0.01344,0.00015,0.03733,33.62345,-2.83811,-49.7399,17.72676,-17.63218,19.66166,35.5633,-35.44011,0.09513,-2.62639,-0.57153,-25.23753,10.63787,16.1745,-0.17675,0.03956,-0.00421,0.01481,0.08871,-0.18384,0.00635,0.00377,0.03693,33.6295,-2.282,-50.33329,17.60774,-17.56178,19.5149,35.95415,-35.49845,0.35051,-2.76017,-0.94909,-27.27065,9.1307,16.45728,-0.17595,0.03803,-0.00553,0.01596,0.08837,-0.18443,0.00719,0.00397,0.03705
61.45833,34.3494,-1.49775,-48.69143,16.60066,-18.56296,17.68932,33.36724,-36.65146,0.62095,-3.10226,-1.20246,-28.2985,4.03857,11.53746,-0.16793,0.03245,-0.00907,0.01029,0.0873,-0.16825,0.01565,0.00486,0.03247,34.03153,-2.24768,-48.92688,20.07105,-18.57899,18.01119,33.75178,-37.82062,0.35219,-2.7733,-0.4961,-24.95163,13.25182,12.99661,-0.17037,0.03508,-0.00703,0.0149,0.08782,-0.17066,0.01211,0.01,0.03323,34.02333,-1.71396,-49.52992,19.94066,-18.50629,17.87341,34.08596,-37.88469,0.61103,-2.91913,-0.88427,-27.14035,11.23847,13.07574,-0.16897,0.03304,-0.00718,0.0145,0.08623,-0.17072,0.01165,0.01152,0.03351
63.54167,34.81607,-1.01147,-47.5459,18.29041,-19.43676,16.17303,31.63247,-38.70822,0.8484,-3.25796,-1.14842,-26.62095,7.52345,8.80483,-0.15719,0.0277,-0.01006,0.00582,0.08679,-0.15233,0.0181,0.00791,0.02761,34.50185,-1.72547,-47.75275,22.04159,-19.46843,16.39871,31.91977,-39.93499,0.58014,-2.90887,-0.38737,-23.22653,17.80121,10.10153,-0.16079,0.03031,-0.00963,0.0086,0.08968,-0.15519,0.01985,0.01245,0.02942,34.48541,-1.21543,-48.3367,21.88613,-19.39081,16.25865,32.18536,-40.00842,0.83929,-3.06653,-0.78396,-25.27591,15.82575,9.97637,-0.15864,0.02801,-0.00841,0.00656,0.0865,-0.15418,0.0187,0.01447,0.02985
65.625,35.35518,-0.57276,-46.16767,19.45702,-20.2557,14.7458,30.02845,-40.46202,1.04804,-3.40098,-1.07635,-24.37485,11.41678,6.14499,-0.14604,0.0238,-0.01104,0.00173,0.08801,-0.1379,0.01957,0.00941,0.02302,35.02888,-1.25874,-46.33058,23.43842,-20.27515,14.86588,30.22323,-41.67726,0.78449,-3.02523,-0.24678,-19.9022,22.66484,7.95766,-0.14803,0.02521,-0.01081,-0.00228,0.08932,-0.13564,0.02514,0.01261,0.02507,35.01287,-0.78206,-46.86897,23.2192,-20.19258,14.71469,30.41264,-41.7613,1.04027,-3.19386,-0.64829,-21.72932,21.15666,7.61388,-0.14563,0.02328,-0.00898,-0.00486,0.0851,-0.13406,0.02453,0.01379,0.02582
67.70833,35.97451,-0.18299,-44.6703,19.99693,-21.03201,13.4573,28.63186,-41.77654,1.22273,-3.52806,-0.99295,-21.60524,14.49867,3.82388,-0.13549,0.0211,-0.01211,-0.00054,0.08876,-0.12408,0.01875,0.01014,0.01879,35.62228,-0.82102,-44.78836,24.06098,-21.00765,13.4687,28.77486,-42.93216,0.97117,-3.11981,-0.08788,-15.7523,26.15504,6.4469,-0.13392,0.02052,-0.01041,-0.01262,0.08516,-0.11468,0.02408,0.01256,0.02014,35.61806,-0.38696,-45.26286,23.71783,-20.92544,13.30099,28.89002,-43.02836,1.2201,-3.29988,-0.49197,-17.62668,25.12089,5.86704,-0.13211,0.01947,-0.00936,-0.01391,0.08105,-0.11364,0.02504,0.01196,0.02139
69.79167,36.68221,0.16543,-43.15785,19.8637,-21.79308,12.347,27.45781,-42.5126,1.37696,-3.63727,-0.90568,-18.37744,16.15162,2.01917,-0.12599,0.01973,-0.01291,-0.0003,0.08799,-0.11063,0.01518,0.01085,0.01499,36.30491,-0.38984,-43.22894,23.78589,-21.71092,12.25726,27.60251,-43.56658,1.14226,-3.19657,0.06975,-11.97918,27.3552,5.10054,-0.12097,0.01711,-0.00952,-0.01639,0.079,-0.09713,0.01606,0.01295,0.01515,36.32472,0.00062,-43.63297,23.25615,-21.63796,12.0688,27.65774,-43.67964,1.38205,-3.39133,-0.33799,-14.43467,26.31839,4.28267,-0.12051,0.01703,-0.01043,-0.01485,0.07603,-0.09751,0.01868,0.01076,0.01695
71.875,37.48655,0.48309,-41.70563,19.0954,-22.57851,11.4367,26.45619,-42.56115,1.51473,-3.72689,-0.81843,-14.63611,16.76088,0.85086,-0.11716,0.01953,-0.01249,0.00173,0.08571,-0.09785,0.00987,0.01172,0.01175,37.10485,0.03518,-41.70771,22.63168,-22.45303,11.25627,26.63393,-43.4453,1.29497,-3.26236,0.21,-9.31446,26.57507,3.49405,-0.11097,0.01564,-0.00982,-0.01009,0.07402,-0.08623,0.0048,0.01207,0.01104,37.15873,0.39106,-42.04802,21.87795,-22.39719,11.04152,26.65336,-43.5832,1.52515,-3.47765,-0.20632,-12.84674,24.84855,2.4693,-0.11205,0.01614,-0.01275,-0.00555,0.07251,-0.08814,0.00796,0.00971,0.01322
73.95833,38.39588,0.77623,-40.35505,17.82096,-23.43301,10.73311,25.52747,-41.87854,1.63811,-3.79329,-0.72848,-10.08267,17.58071,0.38738,-0.10806,0.02004,-0.00948,0.00335,0.08226,-0.0861,0.00498,0.01233,0.00921,38.04558,0.42667,-40.23735,20.77723,-23.30237,10.4638,25.72046,-42.47755,1.4239,-3.32031,0.32839,-7.34662,25.18495,1.58095,-0.10401,0.01634,-0.01228,0.00477,0.07228,-0.08122,-0.00321,0.00695,0.00863,38.13868,0.76179,-40.5337,19.81119,-23.26646,10.21627,25.72991,-42.64743,1.64585,-3.56226,-0.10317,-12.03749,22.36634,0.4241,-0.10614,0.01681,-0.01577,0.01064,0.07161,-0.08391,-0.00127,0.00639,0.01087
76.04167,39.4171,1.04354,-39.12168,16.23781,-24.39683,10.24072,24.55478,-40.51191,1.74681,-3.82932,-0.6264,-4.22507,20.10284,0.62207,-0.09766,0.02074,-0.00248,0.00155,0.07774,-0.07541,0.00258,0.01225,0.00741,39.13806,0.74304,-38.8145,18.52198,-24.3061,9.87333,24.69505,-40.67831,1.52516,-3.36418,0.43451,-4.58368,24.89064,-0.21532,-0.09858,0.01904,-0.01592,0.02154,0.0732,-0.0777,-0.0025,-0.00377,0.00811,39.26939,1.06766,-39.09687,17.41155,-24.2872,9.58956,24.71106,-40.87936,1.74121,-3.63561,-0.01644,-9.85282,21.31242,-1.38369,-0.10065,0.01899,-0.01742,0.02563,0.07215,-0.07999,-0.0031,-0.00132,0.01008
78.125,40.55087,1.27962,-38.00917,14.56563,-25.49643,9.9786,23.44247,-38.60305,1.83875,-3.82463,-0.49923,3.34714,25.22249,1.44094,-0.0854,0.0212,0.0095,-0.00635,0.07181,-0.06536,0.00307,0.01211,0.00614,40.37531,0.95612,-37.451,16.20275,-25.47872,9.50731,23.4419,-38.21149,1.59971,-3.37791,0.54722,0.68822,26.79322,-1.20092,-0.09243,0.02314,-0.01741,0.03092,0.07389,-0.07036,0.00749,-0.01716,0.00876,40.53828,1.27134,-37.75419,15.05704,-25.47165,9.19212,23.46307,-38.42856,1.81203,-3.67491,0.07966,-3.95175,23.64642,-2.22091,-0.09323,0.02243,-0.01442,0.02999,0.07127,-0.07137,0.00449,-0.01233,0.01032
80.20833,41.78391,1.48289,-37.02103,12.99282,-26.73753,9.99093,22.14857,-36.36575,1.91138,-3.7685,-0.33603,12.56878,32.61577,2.61277,-0.07149,0.02115,0.02667,-0.02143,0.06396,-0.05536,0.00421,0.01426,0.00489,41.72911,1.0769,-36.19125,14.10178,-26.80301,9.43946,21.94823,-35.38337,1.65414,-3.34168,0.68471,9.20329,30.697,-0.79798,-0.08384,0.02755,-0.01203,0.02504,0.07085,-0.05655,0.02059,-0.02529,0.00913,41.91354,1.37582,-36.54691,13.03839,-26.80598,9.10881,21.95323,-35.58585,1.86376,-3.65222,0.21259,6.68424,29.69481,-1.48642,-0.0825,0.02644,-0.0034,0.0173,0.06624,-0.05613,0.01719,-0.02078,0.01038
82.29167,43.0823,1.66144,-36.16437,11.63576,-28.10173,10.34301,20.70015,-34.04134,1.96287,-3.65461,-0.13339,22.60836,40.65499,3.82092,-0.05688,0.02046,0.04839,-0.04247,0.05412,-0.04507,0.00145,0.02259,0.00296,43.14932,1.16154,-35.10507,12.38203,-28.23917,9.78677,20.31489,-32.57526,1.6983,-3.24227,0.85411,19.8887,35.02289,1.08529,-0.07241,0.03074,0.00448,0.0013,0.06211,-0.03803,0.02564,-0.01754,0.00757,43.3436,1.43672,-35.53309,11.49029,-28.25805,9.46513,20.26874,-32.72395,1.90487,-3.54767,0.39739,20.7435,37.7099,0.90694,-0.06876,0.02969,0.01775,-0.0126,0.05607,-0.03683,0.02505,-0.01721,0.00885
84.375,44.39073,1.83055,-35.44593,10.52519,-29.54624,11.102,19.18741,-31.84572,1.99273,-3.48568,0.10136,31.89421,46.93641,4.73251,-0.04279,0.01903,0.07328,-0.06615,0.04291,-0.03459,-0.01038,0.04124,-0.00029,44.5675,1.28828,-34.25994,11.07151,-29.73433,10.6685,18.72115,-30.13517,1.7407,-3.08244,1.04585,29.96982,37.39921,3.89712,-0.05903,0.03102,0.03383,-0.03612,0.04833,-0.02007,0.01135,0.01463,0.00296,44.76035,1.5409,-34.76206,10.38732,-29.78306,10.38087,18.58754,-30.19599,1.94316,-3.36139,0.62728,34.73195,44.41562,4.36365,-0.05364,0.03043,0.0487,-0.0531,0.04218,-0.01906,0.01658,0.00753,0.00463
86.45833,45.64173,2.00008,-34.86465,9.62207,-31.00618,12.30983,17.73957,-29.92495,2.00159,-3.27557,0.3507,38.52672,49.20125,5.07943,-0.03028,0.01681,0.09954,-0.08801,0.03163,-0.02447,-0.03449,0.0726,-0.0052,45.90745,1.51195,-33.68809,10.09433,-31.22705,12.14956,17.35973,-28.27171,1.78418,-2.88418,1.23556,36.06088,35.67702,6.58804,-0.04522,0.02715,0.07388,-0.0777,0.03241,-0.00819,-0.02795,0.07276,-0.0048,46.08896,1.75648,-34.2467,9.5969,-31.32346,11.91171,17.11411,-28.23109,1.98175,-3.11787,0.87371,44.31689,46.33988,7.74734,-0.03915,0.02718,0.08643,-0.0934,0.02759,-0.00807,-0.01561,0.05735,-0.00257
88.54167,46.77334,2.15629,-34.40702,8.85241,-32.39893,13.96096,16.49202,-28.33325,1.99024,-3.04764,0.59131,40.93967,46.24241,4.71956,-0.01986,0.01381,0.12531,-0.10394,0.02165,-0.01531,-0.07013,0.1156,-0.01167,47.10222,1.81739,-33.3669,9.32714,-32.64615,14.19782,16.37137,-26.99661,1.82357,-2.68339,1.39276,35.72636,28.91059,8.00108,-0.03224,0.01911,0.11895,-0.11231,0.0179,-0.00469,-0.08844,0.14894,-0.0147,47.26484,2.07827,-33.95017,8.95766,-32.80536,14.00963,16.00911,-26.87165,2.01672,-2.85989,1.09605,46.23901,41.33907,9.78184,-0.02665,0.01964,0.12594,-0.12285,0.0153,-0.0055,-0.07034,0.12759,-0.01204
90.625,47.7486,2.24777,-34.04871,8.14416,-33.63067,15.99587,15.55591,-27.0385,1.95844,-2.82941,0.80052,38.5195,38.39648,3.65802,-0.01152,0.0102,0.14888,-0.11147,0.01386,-0.00754,-0.11201,0.16518,-0.01915,48.1131,2.09695,-33.22359,8.65284,-33.9086,16.67982,15.8066,-26.14164,1.84679,-2.51801,1.49247,28.69944,17.85633,7.33005,-0.02066,0.00844,0.16155,-0.13154,0.00721,-0.00721,-0.15716,0.22748,-0.02501,48.25283,2.39852,-33.79569,8.34506,-34.13732,16.5257,15.34308,-25.97952,2.03741,-2.63426,1.25661,39.82136,29.60951,9.5381,-0.01641,0.00925,0.16176,-0.13508,0.00681,-0.00832,-0.13702,0.20523,-0.02231
92.70833,48.56677,2.18464,-33.76214,7.45108,-34.60578,18.31386,14.99854,-25.94997,1.90439,-2.64565,0.96252,31.88379,27.41619,2.02819,-0.00493,0.00637,0.16891,-0.11038,0.00827,-0.00121,-0.15173,0.21336,-0.02679,48.94166,2.16792,-33.16252,7.99161,-34.92235,19.40077,15.62825,-25.44158,1.83871,-2.41494,1.52444,17.0966,4.76526,4.44057,-0.01042,-0.00199,0.19489,-0.13268,0.00072,-0.01015,-0.21651,0.29023,-0.03392,49.05965,2.52317,-33.69504,7.69963,-35.21673,19.25715,15.09135,-25.30718,2.02949,-2.47603,1.33439,27.29037,13.71177,6.79508,-0.00787,-0.00112,0.18957,-0.12997,0.00175,-0.01073,-0.1991,0.27298,-0.03172
94.79167,49.2583,1.85489,-33.52583,6.75724,-35.23853,20.79959,14.83815,-24.95574,1.82499,-2.51255,1.07199,22.67204,15.80116,0.04853,0.00022,0.0028,0.18441,-0.10246,0.00412,0.00381,-0.18065,0.25158,-0.03373,49.62626,1.82655,-33.10135,7.30492,-35.59741,22.17068,15.74784,-24.64458,1.78623,-2.38189,1.49608,4.49491,-7.43373,-0.08249,-0.00146,-0.00903,0.21506,-0.11896,-0.00285,-0.00823,-0.25111,0.32348,-0.04019,49.72998,2.23116,-33.58131,7.01625,-35.94506,22.01694,15.16695,-24.60042,1.97955,-2.39817,1.33156,12.74435,-2.40523,2.12318,-0.00046,-0.00819,0.20725,-0.11279,-0.00149,-0.00777,-0.24037,0.31571,-0.0389
96.875,49.86298,1.15318,-33.33072,6.0664,-35.46568,23.35133,15.05049,-23.95609,1.7171,-2.43512,1.13403,12.93791,5.89691,-2.02465,0.00407,-0.00013,0.19479,-0.09058,0.00045,0.00753,-0.19297,0.27356,-0.03934,50.22026,0.91655,-32.99849,6.58267,-35.86269,24.86445,16.07398,-23.60056,1.68245,-2.40751,1.4283,-5.65212,-16.19776,-5.16887,0.00586,-0.01063,0.22189,-0.09742,-0.00527,6e-05,-0.25376,0.32297,-0.04347,50.32313,1.35183,-33.42969,6.31312,-36.24707,24.69163,15.47091,-23.68699,1.87944,-2.39106,1.27028,0.31511,-14.93246,-3.33541,0.00578,-0.0099,0.21513,-0.09122,-0.00438,0.00143,-0.25135,0.32609,-0.04324
98.95833,50.39939,0.01137,-33.18039,5.38661,-35.25723,25.8988,15.58177,-22.88357,1.57919,-2.40841,1.16069,4.42664,-0.85389,-3.93715,0.0066,-0.00231,0.19984,-0.07759,-0.00339,0.00966,-0.18778,0.27717,-0.04327,50.75791,-0.6182,-32.85986,5.82836,-35.6822,27.44657,16.54799,-22.29234,1.52854,-2.46928,1.34658,-11.43624,-20.22958,-9.66312,0.0107,-0.00697,0.21837,-0.07553,-0.00754,0.01128,-0.22783,0.29497,-0.04423,50.87669,-0.17517,-33.25741,5.60438,-36.08668,27.25953,15.93347,-22.51597,1.72876,-2.43104,1.18208,-7.52392,-21.5964,-8.28546,0.01015,-0.00644,0.21518,-0.07181,-0.00736,0.0129,-0.23268,0.30697,-0.04489
